"id";"amount";"created";"currency";"description";"fee";"net";"source";"status";"type"
"txn_1JA9NrCmAIcalbBuRvhJ5yUi";-249;"2021-07-06T08:11:58Z";"eur";"Curso Webinar 28990";"-2,988";"-246,012";"ch_1JA9NqCmAIcalbBuk0mvFHbR";"available";"charge"
"txn_1JAFpmCmAIcalbBugZYdxV7B";-229;"2021-07-06T15:05:13Z";"eur";"Curso Webinar 28998";"-2,748";"-226,252";"ch_1JAFplCmAIcalbBuxckGnUiI";"available";"charge"
"txn_1Gs42CCmAIcalbBuFQxuGMeP";-229;"2020-06-09T09:46:19Z";"eur";"Curso Webinar 29003";"-2,748";"-226,252";"ch_1Gs42BCmAIcalbBuASGf47AC";"available";"charge"
"txn_1JA0f7CmAIcalbBuEsIXvXp8";-199;"2021-07-05T22:53:12Z";"eur";"Curso Webinar 29004";"-2,388";"-196,612";"ch_1JA0f6CmAIcalbBufyTnAAU0";"available";"charge"
"txn_1JA0iGCmAIcalbBuNBXFHSSg";-179;"2021-07-05T22:56:27Z";"eur";"Curso Webinar 29031";"-2,148";"-176,852";"ch_1JA0iFCmAIcalbBuC4pWQuCs";"available";"charge"
"txn_1JA0mJCmAIcalbBu3UxHv1lb";-169;"2021-07-05T23:00:38Z";"eur";"Curso Webinar 29086";"-2,028";"-166,972";"ch_1JA0mICmAIcalbBuZeiAxvK7";"available";"charge"
"txn_1JA0NQCmAIcalbBukVwhD5mp";-199;"2021-07-05T22:34:55Z";"eur";"Curso Webinar 29242";"-2,388";"-196,612";"ch_1JA0NPCmAIcalbBuuHTlU6bG";"available";"charge"
"txn_1JA1I3CmAIcalbBuLq9YDciQ";-179;"2021-07-05T23:33:26Z";"eur";"Curso Webinar 29375";"-2,148";"-176,852";"ch_1JA1I2CmAIcalbBus3Q13TC7";"available";"charge"
"txn_1JA03vCmAIcalbBupyNhv7Qv";-199;"2021-07-05T22:14:46Z";"eur";"Curso Webinar 29430";"-2,388";"-196,612";"ch_1JA03uCmAIcalbBu2MF4yTvx";"available";"charge"
"txn_1JA0qbCmAIcalbBuk5hICmey";-199;"2021-07-05T23:05:04Z";"eur";"Curso Webinar 29431";"-2,388";"-196,612";"ch_1JA0qaCmAIcalbBuVOa4mIQm";"available";"charge"
"txn_1J9zE9CmAIcalbBuRJfwrFYD";-199;"2021-07-05T21:21:17Z";"eur";"Curso Webinar 29445";"-2,388";"-196,612";"ch_1J9zE9CmAIcalbBu7r2WucQ3";"available";"charge"
"txn_1JA0gxCmAIcalbBuNbwTNt2r";-199;"2021-07-05T22:55:06Z";"eur";"Curso Webinar 29446";"-2,388";"-196,612";"ch_1JA0gwCmAIcalbBuUAk1wbEO";"available";"charge"
"txn_1JA09TCmAIcalbBuvpDba7QC";-249;"2021-07-05T22:20:30Z";"eur";"Curso Webinar 29464";"-2,988";"-246,012";"ch_1JA09SCmAIcalbBudAVDsRwV";"available";"charge"
"txn_1JA0lhCmAIcalbBuk4JXQ2X4";-249;"2021-07-05T23:00:00Z";"eur";"Curso Webinar 29480";"-2,988";"-246,012";"ch_1JA0lgCmAIcalbBuq3La4jDC";"available";"charge"
"txn_1J9z0QCmAIcalbBuxH9Dm4c3";-199;"2021-07-05T21:07:05Z";"eur";"Curso Webinar 29481";"-2,388";"-196,612";"ch_1J9z0PCmAIcalbBu41XOXev1";"available";"charge"
"txn_1JA0AeCmAIcalbBuQ508aan0";-199;"2021-07-05T22:21:43Z";"eur";"Curso Webinar 29482";"-2,388";"-196,612";"ch_1JA0AdCmAIcalbBuF7rnivy0";"available";"charge"
"txn_1JA0m6CmAIcalbBu904S55lw";-249;"2021-07-05T23:00:25Z";"eur";"Curso Webinar 29576";"-2,988";"-246,012";"ch_1JA0m5CmAIcalbBulF4kL5Ch";"available";"charge"
"txn_1JA0UYCmAIcalbBuKzpH9808";-249;"2021-07-05T22:42:16Z";"eur";"Curso Webinar 29594";"-2,988";"-246,012";"ch_1JA0UWCmAIcalbBuPxaRIaC0";"available";"charge"
"txn_1GdKPCCmAIcalbBunEOxl1M9";-199;"2020-04-29T18:13:08Z";"eur";"Curso Webinar 29596";"-2,388";"-196,612";"ch_1GdKPACmAIcalbBu0EiQmAPF";"available";"charge"
"txn_1GrTlbCmAIcalbBuBOReSwzK";-249;"2020-06-07T19:02:45Z";"eur";"Curso Webinar 29600";"-2,988";"-246,012";"ch_1GrTlZCmAIcalbBuuZx1lneH";"available";"charge"
"txn_1HP3DACmAIcalbBuoKaQEu2e";-249;"2020-09-08T09:33:59Z";"eur";"Curso Webinar 29607";"-2,988";"-246,012";"ch_1HP3D9CmAIcalbBuW28FetBX";"available";"charge"
"txn_1GdKQnCmAIcalbBujKyN2VsU";-249;"2020-04-29T18:14:48Z";"eur";"Curso Webinar 29636";"-2,988";"-246,012";"ch_1GdKQmCmAIcalbBuiknT6TLZ";"available";"charge"
"txn_1GdKPnCmAIcalbBuBEPauEk5";-149;"2020-04-29T18:13:46Z";"eur";"Curso Webinar 29701";"-1,788";"-147,212";"ch_1GdKPmCmAIcalbBuUzgcjufC";"available";"charge"
"txn_1GdKPPCmAIcalbBuiOmA64IW";-249;"2020-04-29T18:13:22Z";"eur";"Curso Webinar 29719";"-2,988";"-246,012";"ch_1GdKPOCmAIcalbBua35J6c0X";"available";"charge"
"txn_1GdKqHCmAIcalbBuQ2SdsMeJ";-199;"2020-04-29T18:41:08Z";"eur";"Curso Webinar 29778";"-2,388";"-196,612";"ch_1GdKqGCmAIcalbBuNS408Alt";"available";"charge"
"txn_1HADleCmAIcalbBuPqml08OM";-199;"2020-07-29T11:48:17Z";"eur";"Curso Webinar 29794";"-2,388";"-196,612";"ch_1HADldCmAIcalbBueuUJCpUO";"available";"charge"
"txn_1GdKxlCmAIcalbBuq2PZc4JT";-199;"2020-04-29T18:48:52Z";"eur";"Curso Webinar 29847";"-2,388";"-196,612";"ch_1GdKxkCmAIcalbBuczbwTGnZ";"available";"charge"
"txn_1GdLYBCmAIcalbBuUcveXx10";-249;"2020-04-29T19:26:30Z";"eur";"Curso Webinar 29848";"-2,988";"-246,012";"ch_1GdLYACmAIcalbBuFLNBnHoB";"available";"charge"
"txn_1GdKRuCmAIcalbBukgNyl2qz";-199;"2020-04-29T18:15:56Z";"eur";"Curso Webinar 29975";"-2,388";"-196,612";"ch_1GdKRsCmAIcalbBuh3E2UZGI";"available";"charge"
"txn_1GdKP0CmAIcalbBu5v2c8Xh4";-199;"2020-04-29T18:12:57Z";"eur";"Curso Webinar 30048";"-2,388";"-196,612";"ch_1GdKOzCmAIcalbBuES88Zo2f";"available";"charge"
"txn_1HCWD1CmAIcalbBu6sIarWMQ";-249;"2020-08-04T19:54:01Z";"eur";"Curso Webinar 30191";"-2,988";"-246,012";"ch_1HCWCzCmAIcalbBuG79pUBzR";"available";"charge"
"txn_1GdKVvCmAIcalbBuUudWkW3C";-199;"2020-04-29T18:20:06Z";"eur";"Curso Webinar 30207";"-2,388";"-196,612";"ch_1GdKVuCmAIcalbBupr3hGxKQ";"available";"charge"
"txn_1IwVHyCmAIcalbBu4C1g9gQk";-199;"2021-05-29T16:45:29Z";"eur";"Curso 30222";"-2,388";"-196,612";"ch_1IwVHxCmAIcalbBubngEsiXx";"available";"charge"
"txn_1IwTKQCmAIcalbBuVa33sG9V";-199;"2021-05-29T14:39:53Z";"eur";"Curso 30257";"-2,388";"-196,612";"ch_1IwTKPCmAIcalbBufUHN0HJm";"available";"charge"
"txn_1IwTNkCmAIcalbBu4fiSvUZL";-199;"2021-05-29T14:43:20Z";"eur";"Curso 30259";"-2,388";"-196,612";"re_1IwTNkCmAIcalbBuXOUj4aKB";"available";"refund"
"txn_1IT7gACmAIcalbBu993XWYB6";-199;"2021-03-09T15:41:00Z";"eur";"Curso 30260";"-2,388";"-196,612";"ch_1IT7g8CmAIcalbBubtxK0icu";"available";"charge"
"txn_1IT9iGCmAIcalbBu6lDzSqW7";-249;"2021-03-09T17:51:18Z";"eur";"Curso 30264";"-2,988";"-246,012";"ch_1IT9iECmAIcalbBuQ0Axsylk";"available";"charge"
"txn_1IT7eOCmAIcalbBuSiTMc2fu";-249;"2021-03-09T15:39:10Z";"eur";"Curso 30268";"-2,988";"-246,012";"ch_1IT7eMCmAIcalbBuWC3K4Ck5";"available";"charge"
"txn_1IT7c1CmAIcalbBu8kJftLaS";-129;"2021-03-09T15:36:42Z";"eur";"Curso 30306";"-1,548";"-127,452";"ch_1IT7byCmAIcalbBu54d64eUT";"available";"charge"
"txn_1HUFXHCmAIcalbBubE1N6hxE";-199;"2020-09-22T17:44:13Z";"eur";"Curso 30324";"-2,388";"-196,612";"ch_1HUFXFCmAIcalbBudozApP3M";"available";"charge"
"txn_1IMOf3CmAIcalbBu5A3WrA5Q";-249;"2021-02-19T02:24:04Z";"eur";"Curso 30334";"-2,988";"-246,012";"ch_1IMOf2CmAIcalbBurULPjqcE";"available";"charge"
"txn_1IMOU3CmAIcalbBufDly5MiH";-199;"2021-02-19T02:12:42Z";"eur";"Curso 30343";"-2,388";"-196,612";"ch_1IMOU2CmAIcalbBuaFULT5P2";"available";"charge"
"txn_1IMOo8CmAIcalbBu8uwfN5m2";-179;"2021-02-19T02:33:26Z";"eur";"Curso 30348";"-2,148";"-176,852";"ch_1IMOo6CmAIcalbBuPjeheUte";"available";"charge"
"txn_1IMOcJCmAIcalbBu8kHcEKjH";-249;"2021-02-19T02:21:13Z";"eur";"Curso 30350";"-2,988";"-246,012";"ch_1IMOcHCmAIcalbBuorYxZysZ";"available";"charge"
"txn_1IMOfrCmAIcalbBuz7zc7KJ5";-249;"2021-02-19T02:24:54Z";"eur";"Curso 30351";"-2,988";"-246,012";"ch_1IMOfqCmAIcalbBu6mcbPFLo";"available";"charge"
"txn_1IMObRCmAIcalbBukgn3HZl5";-129;"2021-02-19T02:20:18Z";"eur";"Curso 30352";"-1,548";"-127,452";"ch_1IMObOCmAIcalbBuZiJfE96E";"available";"charge"
"txn_1IMOk0CmAIcalbBusJ1rGvtE";-249;"2021-02-19T02:29:11Z";"eur";"Curso 30363";"-2,988";"-246,012";"ch_1IMOjzCmAIcalbBu24FwIQvl";"available";"charge"
"txn_1IMOdpCmAIcalbBu2zj0Y7qq";-249;"2021-02-19T02:22:48Z";"eur";"Curso 30372";"-2,988";"-246,012";"ch_1IMOdoCmAIcalbBuroVtoMkZ";"available";"charge"
"txn_1IMOlLCmAIcalbBuzqHvju1L";-249;"2021-02-19T02:30:33Z";"eur";"Curso 30377";"-2,988";"-246,012";"ch_1IMOlJCmAIcalbBu3grN3gWh";"available";"charge"
"txn_1HtKUFCmAIcalbBuqbQEba6i";-229;"2020-11-30T22:04:46Z";"eur";"Curso 30378";"-2,748";"-226,252";"ch_1HtKUECmAIcalbBuVTiomyBx";"available";"charge"
"txn_1HtFUwCmAIcalbBub4KNJ0Wi";-129;"2020-11-30T16:45:09Z";"eur";"Curso 30383";"-1,548";"-127,452";"ch_1HtFUvCmAIcalbBul2YL3n0I";"available";"charge"
"txn_1HtLMsCmAIcalbBukR0x6DYz";-199;"2020-11-30T23:01:13Z";"eur";"Curso 30401";"-2,388";"-196,612";"ch_1HtLMrCmAIcalbBuImIez0aU";"available";"charge"
"txn_1Ht8sCCmAIcalbBuJIGBvKbF";-249;"2020-11-30T09:40:43Z";"eur";"Curso 30403";"-2,988";"-246,012";"ch_1Ht8sBCmAIcalbBuaJ4hErgA";"available";"charge"
"txn_1Ht8YdCmAIcalbBu4fKgSs6X";-199;"2020-11-30T09:20:30Z";"eur";"Curso 30412";"-2,388";"-196,612";"ch_1Ht8YcCmAIcalbBuBYWPSBHE";"available";"charge"
"txn_1HtCIjCmAIcalbBuiZRDxoK5";-179;"2020-11-30T13:20:20Z";"eur";"Curso 30417";"-2,148";"-176,852";"ch_1HtCIiCmAIcalbBu4f3LFka3";"available";"charge"
"txn_1HsQPbCmAIcalbBuZBbV6WR9";-199;"2020-11-28T10:12:14Z";"eur";"Curso 30422";"-2,388";"-196,612";"ch_1HsQPaCmAIcalbBu1FGcVkmt";"available";"charge"
"txn_1Ht8y1CmAIcalbBuPQRTzn7y";-199;"2020-11-30T09:46:44Z";"eur";"Curso 30423";"-2,388";"-196,612";"ch_1Ht8y0CmAIcalbBuAlvDX0iy";"available";"charge"
"txn_1HsUdoCmAIcalbBuYctvwiWp";-199;"2020-11-28T14:43:12Z";"eur";"Curso 30436";"-2,388";"-196,612";"ch_1HsFvlCmAIcalbButsXdq7Bi";"available";"charge"
"txn_1Hsv7tCmAIcalbBuggK5WK61";-249;"2020-11-29T19:00:00Z";"eur";"Curso 30438";"-2,988";"-246,012";"ch_1Hsv7sCmAIcalbBuZ8y3YMPG";"available";"charge"
"txn_1HsTfoCmAIcalbBuxcWPq8CA";-199;"2020-11-28T13:41:10Z";"eur";"Curso 30441";"-2,388";"-196,612";"ch_1HsTfmCmAIcalbBuJ3bOPyja";"available";"charge"
"txn_1HsmwjCmAIcalbBubcu9gZOR";-199;"2020-11-29T10:15:56Z";"eur";"Curso 30442";"-2,388";"-196,612";"ch_1HsmwiCmAIcalbBuzxuYJdmU";"available";"charge"
"txn_1HtHmpCmAIcalbBuywbsHi6A";-199;"2020-11-30T19:11:46Z";"eur";"Curso 30444";"-2,388";"-196,612";"ch_1HtHmoCmAIcalbBuqwzBmBun";"available";"charge"
"txn_1HtBiyCmAIcalbBuKBxAmYJm";-249;"2020-11-30T12:43:23Z";"eur";"Curso 30456";"-2,988";"-246,012";"ch_1HtBixCmAIcalbBuWjITIWGV";"available";"charge"
"txn_1HsXliCmAIcalbBuEEGGUN6B";-249;"2020-11-28T18:03:32Z";"eur";"Curso 30461";"-2,988";"-246,012";"ch_1HsXlgCmAIcalbBuIzhE74LT";"available";"charge"
"txn_1HsypjCmAIcalbBuMwGNuAxz";-199;"2020-11-29T22:57:30Z";"eur";"Curso 30467";"-2,388";"-196,612";"ch_1HsypiCmAIcalbBunpis5g0y";"available";"charge"
"txn_1HsPduCmAIcalbBuD2OGyQNO";-179;"2020-11-28T09:22:57Z";"eur";"Curso 30482";"-2,148";"-176,852";"ch_1HsPdtCmAIcalbBuMlDYnyPQ";"available";"charge"
"txn_1HsvpfCmAIcalbBuT2FsLWHj";-199;"2020-11-29T19:45:14Z";"eur";"Curso 30509";"-2,388";"-196,612";"ch_1HsvpeCmAIcalbBu93UoPo4m";"available";"charge"
"txn_1HsTprCmAIcalbBuQn5OfLGG";-249;"2020-11-28T13:51:34Z";"eur";"Curso 30541";"-2,988";"-246,012";"ch_1HsTpqCmAIcalbBu8Ef5ZyBu";"available";"charge"
"txn_1HsxmJCmAIcalbBuLQ7iXULz";-169;"2020-11-29T21:49:54Z";"eur";"Curso 30573";"-2,028";"-166,972";"ch_1HsxmICmAIcalbBugAVs8NaK";"available";"charge"
"txn_1HsvxbCmAIcalbBu9RhFYNig";-199;"2020-11-29T19:53:26Z";"eur";"Curso 30581";"-2,388";"-196,612";"ch_1HsvxaCmAIcalbBuJEdQH4A1";"available";"charge"
"txn_1HstVLCmAIcalbBuzfpv2LLx";-199;"2020-11-29T17:16:06Z";"eur";"Curso 30583";"-2,388";"-196,612";"ch_1HstVKCmAIcalbBuYLkiDpLD";"available";"charge"
"txn_1HtDZ0CmAIcalbBuSHWXJ9im";-229;"2020-11-30T14:41:13Z";"eur";"Curso 30589";"-2,748";"-226,252";"ch_1HtDYzCmAIcalbBuC6PlAeJc";"available";"charge"
"txn_1HtCdlCmAIcalbBuD3cZL2r7";-249;"2020-11-30T13:42:03Z";"eur";"Curso 30590";"-2,988";"-246,012";"ch_1HtCdjCmAIcalbBuykjmPMIO";"available";"charge"
"txn_1HtIg0CmAIcalbBunjyqeZeN";-199;"2020-11-30T20:08:47Z";"eur";"Curso 30592";"-2,388";"-196,612";"ch_1HtIfzCmAIcalbBuick3TTBo";"available";"charge"
"txn_1HtDXrCmAIcalbBuevruVseL";-199;"2020-11-30T14:40:02Z";"eur";"Curso 30607";"-2,388";"-196,612";"ch_1HtDXqCmAIcalbBu9M1DrDlW";"available";"charge"
"txn_1HstKICmAIcalbBuur5mxl9g";-249;"2020-11-29T17:04:41Z";"eur";"Curso 30608";"-2,988";"-246,012";"ch_1HstKHCmAIcalbBuD3hu0JCq";"available";"charge"
"txn_1HsUeyCmAIcalbBulDvuc3uE";-199;"2020-11-28T14:44:24Z";"eur";"Curso 30609";"-2,388";"-196,612";"ch_1HsCwXCmAIcalbBuOx5pPzkc";"available";"charge"
"txn_1HsTu7CmAIcalbBuKaCaDygF";-249;"2020-11-28T13:55:58Z";"eur";"Curso 30613";"-2,988";"-246,012";"ch_1HsTu6CmAIcalbBunjyeIvOW";"available";"charge"
"txn_1HtDjoCmAIcalbBuMZhmtkMj";-179;"2020-11-30T14:52:23Z";"eur";"Curso 30675";"-2,148";"-176,852";"ch_1HtDjnCmAIcalbBuzNgM6gZ0";"available";"charge"
"txn_1HsoCrCmAIcalbBu1zbwFvxG";-249;"2020-11-29T11:36:40Z";"eur";"Curso 30679";"-2,988";"-246,012";"ch_1HsoCqCmAIcalbBuqzNPU2SR";"available";"charge"
"txn_1HstyXCmAIcalbBuUrFQSsUI";-129;"2020-11-29T17:46:16Z";"eur";"Curso 30693";"-1,548";"-127,452";"ch_1HstyWCmAIcalbBugqiPSQgZ";"available";"charge"
"txn_1HsWkoCmAIcalbBuxxR1u7IC";-199;"2020-11-28T16:58:33Z";"eur";"Curso 30696";"-2,388";"-196,612";"ch_1HsWknCmAIcalbBua1HjuuV5";"available";"charge"
"txn_1HtJD2CmAIcalbBu1Sq0UksY";-249;"2020-11-30T20:42:55Z";"eur";"Curso 30709";"-2,988";"-246,012";"ch_1HtJD1CmAIcalbBu5hghC1aa";"available";"charge"
"txn_1HtIyzCmAIcalbBuPi7BC2gd";-199;"2020-11-30T20:28:25Z";"eur";"Curso 30746";"-2,388";"-196,612";"ch_1HtIyzCmAIcalbBucn2ozvZS";"available";"charge"
"txn_1HtL16CmAIcalbBuE2QYq6Mh";-229;"2020-11-30T22:38:43Z";"eur";"Curso 30756";"-2,748";"-226,252";"ch_1HtL15CmAIcalbBu17YYbHJa";"available";"charge"
"txn_1HtKPaCmAIcalbBujzIoaTNg";-199;"2020-11-30T21:59:57Z";"eur";"Curso 30757";"-2,388";"-196,612";"ch_1HtKPZCmAIcalbBu4GeiWoCn";"available";"charge"
"txn_1HtKaOCmAIcalbBuXfYBb80z";-199;"2020-11-30T22:11:06Z";"eur";"Curso 30772";"-2,388";"-196,612";"ch_1HtKaMCmAIcalbBuo9aaLE5Y";"available";"charge"
"txn_1HtLC8CmAIcalbBunc3rqM0z";-199;"2020-11-30T22:50:06Z";"eur";"Curso 30773";"-2,388";"-196,612";"ch_1HtLC6CmAIcalbBuzRZ0RkOe";"available";"charge"
"txn_1HsbnoCmAIcalbBul8kqyK8d";-249;"2020-11-28T22:21:59Z";"eur";"Curso 30795";"-2,988";"-246,012";"ch_1HsbnnCmAIcalbBuSPn0sBHs";"available";"charge"
"txn_1HsUagCmAIcalbBuGfH30riM";-199;"2020-11-28T14:39:58Z";"eur";"Curso 30796";"-2,388";"-196,612";"ch_1HsDnJCmAIcalbBu1rYrGDcT";"available";"charge"
"txn_1Ht6raCmAIcalbBuzGGjxi8v";-169;"2020-11-30T07:31:57Z";"eur";"Curso 30808";"-2,028";"-166,972";"ch_1Ht6rZCmAIcalbBujA2Mje6Q";"available";"charge"
"txn_1HtByQCmAIcalbBuYS9waZys";-199;"2020-11-30T12:59:21Z";"eur";"Curso 30812";"-2,388";"-196,612";"ch_1HtByPCmAIcalbBuu8ASf6Rk";"available";"charge"
"txn_1Ht0z9CmAIcalbBuwFNY5wec";-199;"2020-11-30T01:15:22Z";"eur";"Curso 30814";"-2,388";"-196,612";"ch_1Ht0z8CmAIcalbBuOxmOumkf";"available";"charge"
"txn_1HtCG3CmAIcalbBuD8jmy0qr";-249;"2020-11-30T13:17:34Z";"eur";"Curso 30823";"-2,988";"-246,012";"ch_1HtCG2CmAIcalbBurgV6pIqX";"available";"charge"
"txn_1Ht7Z6CmAIcalbBuXC0LWWTl";-199;"2020-11-30T08:16:54Z";"eur";"Curso 30826";"-2,388";"-196,612";"ch_1Ht7Z4CmAIcalbBuxLWNahnd";"available";"charge"
"txn_1HtIaoCmAIcalbBub3EEbyx4";-249;"2020-11-30T20:03:25Z";"eur";"Curso 30838";"-2,988";"-246,012";"ch_1HtIanCmAIcalbBueegJO2J1";"available";"charge"
"txn_1Ht39nCmAIcalbBuQmlnJIsm";-249;"2020-11-30T03:34:29Z";"eur";"Curso 30860";"-2,988";"-246,012";"ch_1Ht39lCmAIcalbButfZTTsnk";"available";"charge"
"txn_1HtFImCmAIcalbBuO6Jrau7b";-269;"2020-11-30T16:32:35Z";"eur";"Curso 30864";"-3,228";"-265,772";"ch_1HtFIlCmAIcalbBuS3ZfJXEB";"available";"charge"
"txn_1Ht9tLCmAIcalbBuXN6YKaE7";-199;"2020-11-30T10:45:58Z";"eur";"Curso 30867";"-2,388";"-196,612";"ch_1Ht9tKCmAIcalbBuui7BlquV";"available";"charge"
"txn_1H4vAjCmAIcalbBu95q5ngqs";-199;"2020-07-14T20:56:16Z";"eur";"Curso 30871";"-2,388";"-196,612";"ch_1H4vAiCmAIcalbBuHuLz2sUC";"available";"charge"
"txn_1H4lsICmAIcalbBu6QNLc8Yw";-199;"2020-07-14T11:00:37Z";"eur";"Curso 30879";"-2,388";"-196,612";"ch_1H4lsHCmAIcalbBuAMGlBzc9";"available";"charge"
"txn_1H4mNcCmAIcalbBuEUI8DM6X";-249;"2020-07-14T11:32:58Z";"eur";"Curso 30883";"-2,988";"-246,012";"ch_1H4mNaCmAIcalbBueG0eIMXO";"available";"charge"
"txn_1JAExHCmAIcalbBuI8h5xH7S";-169;"2021-07-06T14:08:53Z";"eur";"Curso 30886";"-2,028";"-166,972";"ch_1JAExFCmAIcalbBuJY6I3gnf";"available";"charge"
"txn_1JAE8HCmAIcalbBuPiEJrmn7";-199;"2021-07-06T13:16:12Z";"eur";"Curso 30974";"-2,388";"-196,612";"ch_1JAE8GCmAIcalbBulUN3XPsK";"available";"charge"
"txn_1JALlZCmAIcalbBusMNip4WS";-179;"2021-07-06T21:25:15Z";"eur";"Curso 30982";"-2,148";"-176,852";"ch_1JALlXCmAIcalbBuMe8WYtDp";"available";"charge"
"txn_1JA3ePCmAIcalbBuYJvmbX4B";-199;"2021-07-06T02:04:40Z";"eur";"Curso 30985";"-2,388";"-196,612";"ch_1JA3eOCmAIcalbBusJ60hfpN";"available";"charge"
"txn_1JA62LCmAIcalbBuz385pK5l";-199;"2021-07-06T04:37:31Z";"eur";"Curso 31012";"-2,388";"-196,612";"ch_1JA62JCmAIcalbBuRRGNQiPh";"available";"charge"
"txn_1IVjjfCmAIcalbBuY4fYkwsg";-199;"2021-03-16T20:43:26Z";"eur";"Curso 31059";"-2,388";"-196,612";"ch_1IVjjeCmAIcalbBuIDEAWuZX";"available";"charge"
"txn_1IVjt1CmAIcalbBub9CL468F";-199;"2021-03-16T20:53:05Z";"eur";"Curso 31160";"-2,388";"-196,612";"ch_1IVjszCmAIcalbBuxM5ZC2IF";"available";"charge"
"txn_1IVkwsCmAIcalbBu23UYnikh";-199;"2021-03-16T22:01:09Z";"eur";"Curso 31514";"-2,388";"-196,612";"ch_1IVkwrCmAIcalbBuwbcTXt6u";"available";"charge"
"txn_1GsFbrCmAIcalbBuNM126SYo";-199;"2020-06-09T22:07:53Z";"eur";"Curso 32175";"-2,388";"-196,612";"ch_1GsFbpCmAIcalbBu6WRycEfw";"available";"charge"
"txn_1Gs4J6CmAIcalbBuyOgzP5UQ";-299;"2020-06-09T10:03:47Z";"eur";"Curso 32503";"-3,588";"-295,412";"ch_1Gs4J5CmAIcalbBuvjdi01DL";"available";"charge"
"txn_3JUeqSCmAIcalbBu0ZZBSY1o";-249;"2021-08-31T21:50:17Z";"eur";"Curso 32522";"-2,988";"-246,012";"ch_3JUeqSCmAIcalbBu0NBZVNHt";"available";"charge"
"txn_3JUds6CmAIcalbBu060s0AAU";-199;"2021-08-31T20:47:54Z";"eur";"Curso 32574";"-2,388";"-196,612";"ch_3JUds6CmAIcalbBu0JpMNtlO";"available";"charge"
"txn_3JUYoBCmAIcalbBu0H9sD2da";-199;"2021-08-31T15:23:32Z";"eur";"Curso 32617";"-2,388";"-196,612";"ch_3JUYoBCmAIcalbBu0VaL16bw";"available";"charge"
"txn_3JUbLrCmAIcalbBu05AcdtVm";-199;"2021-08-31T18:06:28Z";"eur";"Curso 32624";"-2,388";"-196,612";"ch_3JUbLrCmAIcalbBu0DnXwxwk";"available";"charge"
"txn_3JUaMvCmAIcalbBu1796pg5w";-179;"2021-08-31T17:03:30Z";"eur";"Curso 32657";"-2,148";"-176,852";"ch_3JUaMvCmAIcalbBu1Nixad84";"available";"charge"
"txn_1GfM4PCmAIcalbBuaXPckriY";-199;"2020-05-05T08:24:04Z";"eur";"Curso 32664";"-2,388";"-196,612";"ch_1GfM4OCmAIcalbBuFEOPJmEY";"available";"charge"
"txn_1HsFXlCmAIcalbBugsfRJDbR";-199;"2020-11-27T22:35:55Z";"eur";"Curso 32685";"-2,388";"-196,612";"ch_1HsFXjCmAIcalbBuG8rk3xtv";"available";"charge"
"txn_1HsA0CCmAIcalbBuGYCZ2kDd";-199;"2020-11-27T16:40:54Z";"eur";"Curso 32703";"-2,388";"-196,612";"ch_1HsA0ACmAIcalbBu00wcvYfY";"available";"charge"
"txn_1HsE9KCmAIcalbBu6k0UyD16";-199;"2020-11-27T21:06:37Z";"eur";"Curso 32775";"-2,388";"-196,612";"ch_1HsE9JCmAIcalbBujrAkNnZF";"available";"charge"
"txn_1Hrx9TCmAIcalbBupof96rFw";-199;"2020-11-27T02:57:37Z";"eur";"Curso 32783";"-2,388";"-196,612";"ch_1Hrx9RCmAIcalbBu0pGQ1rJa";"available";"charge"
"txn_1IJ50gCmAIcalbBuZDimgt7T";-199;"2021-02-09T22:48:40Z";"eur";"Curso 32808";"-2,388";"-196,612";"ch_1IJ50eCmAIcalbBuFkLjEtcu";"available";"charge"
"txn_1I9eo1CmAIcalbBuuTwrYFxn";-199;"2021-01-14T23:00:40Z";"eur";"Curso 32839";"-2,388";"-196,612";"ch_1I9eo0CmAIcalbBuQwTg6Jdw";"available";"charge"
"txn_1HRiecCmAIcalbBundFA4GRL";-229;"2020-09-15T18:13:20Z";"eur";"Curso 32869";"-2,748";"-226,252";"ch_1HRieaCmAIcalbBuJeKzgDQK";"available";"charge"
"txn_1HRkuECmAIcalbBu2QRwfF0F";-249;"2020-09-15T20:37:37Z";"eur";"Curso 32873";"-2,988";"-246,012";"ch_1HRkuDCmAIcalbBulNGnrSAu";"available";"charge"
"txn_1HRjY9CmAIcalbBu3X501BV8";-199;"2020-09-15T19:10:44Z";"eur";"Curso 32875";"-2,388";"-196,612";"ch_1HRjY8CmAIcalbBuUx1T28B8";"available";"charge"
"txn_1HRlgpCmAIcalbBuFZc5L8Gz";-129;"2020-09-15T21:27:50Z";"eur";"Curso 32881";"-1,548";"-127,452";"ch_1HRlgoCmAIcalbBu4CCK3Yh8";"available";"charge"
"txn_1HZNheCmAIcalbBumr5zMhaV";-179;"2020-10-06T21:28:09Z";"eur";"Curso 32912";"-2,148";"-176,852";"ch_1HZNhdCmAIcalbBuQVjOa7mK";"available";"charge"
"txn_1HZMpGCmAIcalbBu2RBPOXxI";-199;"2020-10-06T20:31:56Z";"eur";"Curso 32920";"-2,388";"-196,612";"ch_1HZMpECmAIcalbBuGG5EYvKH";"available";"charge"
"txn_3JUIcYCmAIcalbBu1Ip1mg5b";-249;"2021-08-30T22:06:27Z";"eur";"Curso 33408";"-2,988";"-246,012";"ch_3JUIcYCmAIcalbBu1NbbciH4";"available";"charge"
"txn_3JTSpTCmAIcalbBu0nDfzSDt";-229;"2021-08-28T14:49:16Z";"eur";"Curso 33416";"-2,748";"-226,252";"ch_3JTSpTCmAIcalbBu0V00278Y";"available";"charge"
"txn_3JUJ5ECmAIcalbBu0rEIbRbn";-249;"2021-08-30T22:36:05Z";"eur";"Curso 33428";"-2,988";"-246,012";"ch_3JUJ5ECmAIcalbBu0YPwAZkl";"available";"charge"
"txn_3JUANXCmAIcalbBu0jZOMjXQ";-249;"2021-08-30T13:18:24Z";"eur";"Curso 33437";"-2,988";"-246,012";"ch_3JUANXCmAIcalbBu0Ki8henU";"available";"charge"
"txn_3JTferCmAIcalbBu0kPgcifr";-249;"2021-08-29T04:30:13Z";"eur";"Curso 33516";"-2,988";"-246,012";"ch_3JTferCmAIcalbBu05RSPMvy";"available";"charge"
"txn_1JA0fKCmAIcalbBulmafBN52";-249;"2021-07-05T22:53:24Z";"eur";"Curso 33542";"-2,988";"-246,012";"ch_1JA0fICmAIcalbBuDq29sZMT";"available";"charge"
"txn_1JA1h4CmAIcalbBuYMIPb8tF";-249;"2021-07-05T23:59:17Z";"eur";"Curso 33590";"-2,988";"-246,012";"ch_1JA1h3CmAIcalbBu5wdR8c7i";"available";"charge"
"txn_1JA1fBCmAIcalbBu5xJ5qPGw";-249;"2021-07-05T23:57:20Z";"eur";"Curso 33592";"-3,735";"-245,265";"ch_1JA1fACmAIcalbBuuE01qaaV";"available";"charge"
"txn_1JA0RGCmAIcalbBughnbXUYe";-249;"2021-07-05T22:38:54Z";"eur";"Curso 33611";"-3,735";"-245,265";"re_1JA0RGCmAIcalbBu9vbuz56H";"available";"refund"
"txn_3J9ynsCmAIcalbBu0pkjBtEo";-149;"2021-07-05T20:55:46Z";"eur";"Curso 33826";"-2,235";"-146,765";"re_3J9ynsCmAIcalbBu0XmcuK9j";"available";"refund"
"txn_1J9z5fCmAIcalbBu9sIoHnah";-149;"2021-07-05T21:12:30Z";"eur";"Curso 33979";"-2,235";"-146,765";"re_1J9z5eCmAIcalbBuMtoAH6nf";"available";"refund"
"txn_1GfcuqCmAIcalbBu5a67gSs8";-199;"2020-05-06T02:23:19Z";"eur";"Curso 33995";"-2,985";"-196,015";"ch_1GfcupCmAIcalbBue6XnA6ji";"available";"charge"
"txn_1GfcrsCmAIcalbBu6fsu9vTk";-249;"2020-05-06T02:20:14Z";"eur";"Curso 34255";"-3,735";"-245,265";"ch_1GfcrqCmAIcalbBuMIfl17yj";"available";"charge"
"txn_3JKReqCmAIcalbBu0ZLFKyvT";-199;"2021-08-03T17:44:04Z";"eur";"Curso 34292";"-2,985";"-196,015";"ch_3JKReqCmAIcalbBu0Aiowayh";"available";"charge"
"txn_1H1wnhCmAIcalbBu7WOHa48y";-199;"2020-07-06T16:04:12Z";"eur";"Curso 34320";"-2,985";"-196,015";"ch_1H1wngCmAIcalbBuYstdK265";"available";"charge"
"txn_3JXR34CmAIcalbBu1UpIsq8a";-199;"2021-09-08T13:42:46Z";"eur";"Curso 34325";"-2,985";"-196,015";"ch_3JXR34CmAIcalbBu1oVUETGJ";"available";"charge"
"txn_3JZbbOCmAIcalbBu0pepm2Ti";-199;"2021-09-14T13:23:11Z";"eur";"Curso 34673";"-2,985";"-196,015";"ch_3JZbbOCmAIcalbBu0XfXocRY";"available";"charge"
"txn_3JWsTxCmAIcalbBu1EBrxC7z";-269;"2021-09-07T00:48:14Z";"eur";"Curso 34719";"-4,035";"-264,965";"ch_3JWsTxCmAIcalbBu1Cq3ly7u";"available";"charge"
"txn_1Iz9ciCmAIcalbBuEf09oxOu";-199;"2021-06-06T00:13:51Z";"eur";"Curso 34737";"-2,985";"-196,015";"ch_1Iz9chCmAIcalbBueG2aPyxf";"available";"charge"
"txn_1IyK4UCmAIcalbBuBSaWaeRY";-199;"2021-06-03T17:11:05Z";"eur";"Curso 35073";"-2,985";"-196,015";"ch_1IyK4TCmAIcalbBuuFkP4KUi";"available";"charge"
"txn_1IyNHeCmAIcalbBugouhTY5t";-199;"2021-06-03T20:36:53Z";"eur";"Curso 35078";"-2,985";"-196,015";"ch_1IyNHdCmAIcalbBu1NNue1KL";"available";"charge"
"txn_1J0r6mCmAIcalbBuJkOLA8Ua";-199;"2021-06-10T16:51:54Z";"eur";"Curso 35091";"-2,985";"-196,015";"ch_1J0r6kCmAIcalbBuz2kroOuI";"available";"charge"
"txn_1IyXcoCmAIcalbBuqjEhj6UW";-199;"2021-06-04T07:39:25Z";"eur";"Curso 35096";"-2,985";"-196,015";"ch_1IyXcnCmAIcalbBuBjAjZVgZ";"available";"charge"
"txn_1IydSvCmAIcalbBu4wlLeoVw";-179;"2021-06-04T13:53:36Z";"eur";"Curso 35113";"-2,685";"-176,315";"ch_1IydSuCmAIcalbBumf8pKg6d";"available";"charge"
"txn_1IytabCmAIcalbBuKQawQTXy";-179;"2021-06-05T07:06:36Z";"eur";"Curso 35115";"-2,685";"-176,315";"ch_1IytaaCmAIcalbBuyvR0k4Gj";"available";"charge"
"txn_1J1r5mCmAIcalbBuHCmCFl2e";-199;"2021-06-13T11:03:02Z";"eur";"Curso 35251";"-2,985";"-196,015";"ch_1J1r5mCmAIcalbBuceYDfctp";"available";"charge"
"txn_1J2LztCmAIcalbBukRwJXbK7";-199;"2021-06-14T20:03:00Z";"eur";"Curso 35286";"-2,985";"-196,015";"ch_1J2LzsCmAIcalbBujk7pM84D";"available";"charge"
"txn_3JWtpECmAIcalbBu1Zb7c8zf";-199;"2021-09-07T02:14:16Z";"eur";"Curso 35289";"-2,985";"-196,015";"ch_3JWtpECmAIcalbBu1UXbtfbh";"available";"charge"
"txn_3JWnaKCmAIcalbBu19D4NEHh";-199;"2021-09-06T19:34:29Z";"eur";"Curso 35385";"-2,985";"-196,015";"ch_3JWnaKCmAIcalbBu1FSA7iSg";"available";"charge"
"txn_1JHmM7CmAIcalbBuDS6H0D6y";-179;"2021-07-27T09:13:42Z";"eur";"Curso 35540";"-2,685";"-176,315";"ch_1JHmM6CmAIcalbBujjzLfVF9";"available";"charge"
"txn_1ICNRhCmAIcalbBuiclHhG3o";-249;"2021-01-22T11:04:52Z";"eur";"Curso 35563";"-3,735";"-245,265";"ch_1ICNRgCmAIcalbBuBsnGOz55";"available";"charge"
"txn_1I4h1ECmAIcalbBu3sFeMbUE";-249;"2021-01-01T06:21:46Z";"eur";"Curso 35565";"-3,735";"-245,265";"ch_1I4h1CCmAIcalbBuiXNqk3A0";"available";"charge"
"txn_1HCuGJCmAIcalbBuks2LcpO6";-179;"2020-08-05T21:35:01Z";"eur";"Curso 35583";"-2,685";"-176,315";"ch_1HCuGHCmAIcalbBuKD6jLGAn";"available";"charge"
"txn_1HEr9MCmAIcalbBui4J4Fa0P";-249;"2020-08-11T06:39:55Z";"eur";"Curso 35591";"-3,735";"-245,265";"ch_1HEr9LCmAIcalbBuFuQzYjN7";"available";"charge"
"txn_1HFHlZCmAIcalbBusD1NQpll";-249;"2020-08-12T11:05:08Z";"eur";"Curso 35604";"-3,735";"-245,265";"ch_1HFHlYCmAIcalbBuCV93rwWj";"available";"charge"
"txn_1HEiXjCmAIcalbBuw4HM3uI9";-199;"2020-08-10T21:28:29Z";"eur";"Curso 35609";"-2,985";"-196,015";"ch_1HEiXhCmAIcalbBuIMDoz27o";"available";"charge"
"txn_1HEI29CmAIcalbBuc0AjCByi";-249;"2020-08-09T17:10:07Z";"eur";"Curso 35649";"-3,735";"-245,265";"ch_1HEI27CmAIcalbBu7ZIgXQUg";"available";"charge"
"txn_1HFDVPCmAIcalbBurq3xTfYw";-199;"2020-08-12T06:32:10Z";"eur";"Curso 35664";"-2,985";"-196,015";"ch_1HFDVOCmAIcalbBuyATZjDTi";"available";"charge"
"txn_1HRMleCmAIcalbBuWjinMfpd";-149;"2020-09-14T18:51:09Z";"eur";"Curso 35849";"-2,235";"-146,765";"ch_1HRMldCmAIcalbBuzWYeiWY3";"available";"charge"
"txn_1IkydVCmAIcalbBuQ44oiF97";-149;"2021-04-27T21:40:03Z";"eur";"Curso 35854";"-2,235";"-146,765";"ch_1IkydTCmAIcalbBum2QkVIGG";"available";"charge"
"txn_1ImQTHCmAIcalbBuyKOXXZb5";-149;"2021-05-01T21:35:30Z";"eur";"Curso 35855";"-2,235";"-146,765";"ch_1ImQTGCmAIcalbBuXqmqIbc1";"available";"charge"
"txn_1IpbPlCmAIcalbBuwvtv3pNV";-199;"2021-05-10T15:53:00Z";"eur";"Curso 35866";"-2,985";"-196,015";"ch_1IpbPkCmAIcalbBu7Vuhq4rE";"available";"charge"
"txn_1IKSS1CmAIcalbBuqoZ76Pth";-249;"2021-02-13T18:02:35Z";"eur";"Curso 35867";"-3,735";"-245,265";"ch_1IKSRzCmAIcalbBumWs994kp";"available";"charge"
"txn_1IE0EwCmAIcalbBub1h77VYj";-249;"2021-01-26T22:42:25Z";"eur";"Curso 35879";"-3,735";"-245,265";"ch_1IE0EvCmAIcalbBuYldErviA";"available";"charge"
"txn_1IqUpYCmAIcalbBuCELcOy2P";-249;"2021-05-13T03:03:19Z";"eur";"Curso 35880";"-3,735";"-245,265";"ch_1IqUpXCmAIcalbBuKkuj1ZmB";"available";"charge"
"txn_1IHhePCmAIcalbBuFzsa6lyG";-129;"2021-02-06T03:39:59Z";"eur";"Curso 35891";"-1,935";"-127,065";"ch_1IHheNCmAIcalbBuPhDsaSzU";"available";"charge"
"txn_1IioahCmAIcalbBu2sBEExIA";-179;"2021-04-21T22:32:14Z";"eur";"Curso 35892";"-2,685";"-176,315";"ch_1IioagCmAIcalbBuP8iNz40A";"available";"charge"
"txn_1IiiZDCmAIcalbBuACX1VADA";-249;"2021-04-21T16:06:18Z";"eur";"Curso 35895";"-3,735";"-245,265";"ch_1IiiZCCmAIcalbButujyP6bl";"available";"charge"
"txn_1ISUT2CmAIcalbBuCKNr7Hku";-129;"2021-03-07T21:48:51Z";"eur";"Curso 35897";"-1,935";"-127,065";"ch_1ISUT1CmAIcalbBuIx3ptDUs";"available";"charge"
"txn_1H7TqiCmAIcalbBuQlDyGGtA";-149;"2020-07-21T22:22:11Z";"eur";"Curso 35945";"-2,235";"-146,765";"ch_1H7TqhCmAIcalbBuaTHhjibt";"available";"charge"
"txn_3JPBeQCmAIcalbBu10g5Ikpj";-149;"2021-08-16T19:39:14Z";"eur";"Curso 35992";"-2,235";"-146,765";"ch_3JPBeQCmAIcalbBu1a4BVRa0";"available";"charge"
"txn_1H6JWnCmAIcalbBuXZoYjCBb";-149;"2020-07-18T17:08:47Z";"eur";"Curso 35994";"-2,235";"-146,765";"ch_1H6JWlCmAIcalbBuYsjWP3FN";"available";"charge"
"txn_1H5xKtCmAIcalbBuQWFt3D9A";-149;"2020-07-17T17:27:00Z";"eur";"Curso 36007";"-2,235";"-146,765";"ch_1H5xKqCmAIcalbBuX9jLhafY";"available";"charge"
"txn_1H6idCCmAIcalbBuRg6XUZrq";-109;"2020-07-19T19:57:05Z";"eur";"Curso 36013";"-1,635";"-107,365";"ch_1H6idBCmAIcalbBu632FPsRk";"available";"charge"
"txn_1H5dbICmAIcalbBuUgVqkH8I";-149;"2020-07-16T20:22:37Z";"eur";"Curso 36034";"-2,235";"-146,765";"ch_1H5dbFCmAIcalbBuVP00dvh2";"available";"charge"
"txn_1H6HjSCmAIcalbBuHpdg8O1p";-149;"2020-07-18T15:13:45Z";"eur";"Curso 36069";"-2,235";"-146,765";"ch_1H6HjRCmAIcalbBuJr8g6dtW";"available";"charge"
"txn_1H5wdXCmAIcalbBu7k0dmFfP";-149;"2020-07-17T16:42:13Z";"eur";"Curso 36078";"-2,235";"-146,765";"ch_1H5wdVCmAIcalbBu9g8kgc1R";"available";"charge"
"txn_3JNaiYCmAIcalbBu0Xe1YBqT";-149;"2021-08-12T10:00:54Z";"eur";"Curso 36185";"-2,235";"-146,765";"ch_3JNaiYCmAIcalbBu0xFepC7V";"available";"charge"
"txn_1J1vRlCmAIcalbBu1F2V0mcR";-199;"2021-06-13T15:42:00Z";"eur";"Curso 36319";"-2,985";"-196,015";"ch_1J1vRkCmAIcalbBuj9ZKyWkq";"available";"charge"
"txn_1Iz0VPCmAIcalbBuhVGvZvwq";-199;"2021-06-05T14:29:42Z";"eur";"Curso 36325";"-2,985";"-196,015";"ch_1Iz0VOCmAIcalbBuPM4cBW17";"available";"charge"
"txn_1IyJipCmAIcalbBuFN2WlT9v";-249;"2021-06-03T16:48:41Z";"eur";"Curso 36330";"-3,735";"-245,265";"ch_1IyJinCmAIcalbBuWYa8gboQ";"available";"charge"
"txn_1IynEPCmAIcalbBuPvZDWBvJ";-199;"2021-06-05T00:19:15Z";"eur";"Curso 36332";"-2,985";"-196,015";"ch_1IynENCmAIcalbBuR7l7SbKb";"available";"charge"
"txn_3JPxcwCmAIcalbBu1PLNzP8A";-129;"2021-08-18T22:52:54Z";"eur";"Curso 36337";"-1,935";"-127,065";"ch_3JPxcwCmAIcalbBu1k9XWd2r";"available";"charge"
"txn_1JAm2ZCmAIcalbBuptsjcd8g";-249;"2021-07-08T01:28:33Z";"eur";"Curso 36367";"-3,735";"-245,265";"ch_1JAm2XCmAIcalbBuR9uPNSHu";"available";"charge"
"txn_3JLYubCmAIcalbBu0GVjCc5m";-199;"2021-08-07T00:28:48Z";"eur";"Curso 36446";"-2,985";"-196,015";"ch_3JLYubCmAIcalbBu0NrThcPo";"available";"charge"
"txn_3JSkQyCmAIcalbBu1ijFXvzB";-199;"2021-08-26T15:24:05Z";"eur";"Curso 36447";"-2,985";"-196,015";"ch_3JSkQyCmAIcalbBu1gBN4IOk";"available";"charge"
"txn_1JCEa5CmAIcalbBu3jtSBUP2";-249;"2021-07-12T02:09:11Z";"eur";"Curso 36892";"-3,735";"-245,265";"ch_1JCEa3CmAIcalbBuIObeeWM6";"available";"charge"
"txn_3JKnoACmAIcalbBu1RAlsZ6G";-199;"2021-08-04T17:23:11Z";"eur";"Curso 37047";"-2,985";"-196,015";"ch_3JKnoACmAIcalbBu1P9NZShP";"available";"charge"
"txn_1JIFN1CmAIcalbBuOcdz6HDr";-249;"2021-07-28T16:12:33Z";"eur";"Curso 37050";"-3,735";"-245,265";"ch_1JIFMzCmAIcalbBuqGpnxnaq";"available";"charge"
"txn_3JKqsACmAIcalbBu1RZgETb2";-249;"2021-08-04T20:39:31Z";"eur";"Curso 37208";"-3,735";"-245,265";"ch_3JKqsACmAIcalbBu1l6SAlRX";"available";"charge"
"txn_3JmV4XCmAIcalbBu0zOxjWqY";-249;"2021-10-20T03:02:34Z";"eur";"Curso 37209";"-3,735";"-245,265";"ch_3JmV4XCmAIcalbBu0OMzlbuC";"available";"charge"
"txn_3JmU3uCmAIcalbBu0F45Z10w";-149;"2021-10-20T01:57:51Z";"eur";"Curso 37211";"-2,235";"-146,765";"ch_3JmU3uCmAIcalbBu0n0EBr9F";"available";"charge"
"txn_3JLBxmCmAIcalbBu1XDQPN2F";-249;"2021-08-05T19:10:43Z";"eur";"Curso 37222";"-3,735";"-245,265";"ch_3JLBxmCmAIcalbBu1QKDFaka";"available";"charge"
"txn_1IY83SCmAIcalbBu2k0T0KTs";-199;"2021-03-23T11:05:46Z";"eur";"Curso 37283";"-2,985";"-196,015";"du_1IY7ybCmAIcalbBuTEQHz65s";"available";"adjustment"
"txn_3JmU63CmAIcalbBu1nnYWzXm";-199;"2021-10-20T02:00:04Z";"eur";"Curso 37417";"-2,985";"-196,015";"ch_3JmU63CmAIcalbBu1kLl0mZH";"available";"charge"
"txn_3JnRPvCmAIcalbBu19mVkeMT";-199;"2021-10-22T17:20:32Z";"eur";"Curso 37421";"-2,985";"-196,015";"ch_3JnRPvCmAIcalbBu1kd22PMX";"available";"charge"
"txn_3JmsSzCmAIcalbBu0DuuZYdC";-199;"2021-10-21T04:01:22Z";"eur";"Curso 37434";"-2,985";"-196,015";"ch_3JmsSzCmAIcalbBu0049ux9P";"available";"charge"
"txn_3Ji1zICmAIcalbBu0Ed6QfEh";-199;"2021-10-07T19:10:41Z";"eur";"Curso 37447";"-2,985";"-196,015";"ch_3Ji1zICmAIcalbBu0gweO90c";"available";"charge"
"txn_3JNb93CmAIcalbBu0eYJ98uJ";-199;"2021-08-12T10:28:53Z";"eur";"Curso 37449";"-2,985";"-196,015";"ch_3JNb93CmAIcalbBu0RlSPJzz";"available";"charge"
"txn_1Gfj9xCmAIcalbBuE6P0NIhZ";-199;"2020-05-06T09:03:20Z";"eur";"Curso 37450";"-2,985";"-196,015";"ch_1Gfj9wCmAIcalbBu2Z3lyOo2";"available";"charge"
"txn_1Gfkp8CmAIcalbBuT40Pn8A3";-199;"2020-05-06T10:49:57Z";"eur";"Curso 37459";"-2,985";"-196,015";"ch_1Gfkp7CmAIcalbBu1P9GyizG";"available";"charge"
"txn_1GhfGJCmAIcalbBuTxjxCkok";-199;"2020-05-11T17:17:54Z";"eur";"Curso 37460";"-2,985";"-196,015";"ch_1GhfGICmAIcalbBuQ9qKGJl7";"available";"charge"
"txn_1GkGHhCmAIcalbBu5KKL6ga0";-199;"2020-05-18T21:14:03Z";"eur";"Curso 37468";"-2,985";"-196,015";"ch_1GkGHfCmAIcalbBulbwLNuHx";"available";"charge"
"txn_3Je1x8CmAIcalbBu1b48Q1lU";-199;"2021-09-26T18:19:55Z";"eur";"Curso 37473";"-2,985";"-196,015";"ch_3Je1x8CmAIcalbBu13ydB0k3";"available";"charge"
"txn_1J3pw0CmAIcalbBu3sm5XXhz";-199;"2021-06-18T22:13:06Z";"eur";"Curso 37474";"-2,985";"-196,015";"ch_1J3pvyCmAIcalbBuzoOiYh6x";"available";"charge"
"txn_1J3qI9CmAIcalbBuMwvdqckR";-199;"2021-06-18T22:35:59Z";"eur";"Curso 37482";"-2,985";"-196,015";"ch_1J3qI7CmAIcalbBuU8t4EKp9";"available";"charge"
"txn_1Id54uCmAIcalbBuoCjXMjQZ";-199;"2021-04-06T02:55:43Z";"eur";"Curso 37484";"-2,985";"-196,015";"ch_1Id54tCmAIcalbBuNBlXG6sY";"available";"charge"
"txn_1GfeB3CmAIcalbBuhqejqEyg";-199;"2020-05-06T03:44:08Z";"eur";"Curso 37486";"-2,985";"-196,015";"ch_1GfeB2CmAIcalbBu2SRytOBB";"available";"charge"
"txn_1HoEQPCmAIcalbBudNV0LCF6";-199;"2020-11-16T20:35:44Z";"eur";"Curso 37489";"-2,985";"-196,015";"ch_1HoEQOCmAIcalbBu2KEaJgdB";"available";"charge"
"txn_1HnLXNCmAIcalbBu4IEdmUgd";-199;"2020-11-14T09:59:16Z";"eur";"Curso 37494";"-2,985";"-196,015";"ch_1HnLXMCmAIcalbBu0KP65xM6";"available";"charge"
"txn_1IDzh4CmAIcalbBueMPurptR";-199;"2021-01-26T22:07:25Z";"eur";"Curso 37507";"-2,985";"-196,015";"ch_1IDzh3CmAIcalbBuAivck0G1";"available";"charge"
"txn_1IftBlCmAIcalbBuTsEopNhp";-199;"2021-04-13T20:50:24Z";"eur";"Curso 37510";"-2,985";"-196,015";"ch_1IftBkCmAIcalbBuXbxOjYhp";"available";"charge"
"txn_1HaK8ACmAIcalbBuMtbM1TNX";-199;"2020-10-09T11:51:26Z";"eur";"Curso 37511";"-2,985";"-196,015";"ch_1Ha5pkCmAIcalbBu3xJd7iZA";"available";"charge"
"txn_1HYpNjCmAIcalbBuQPAJJgDs";-199;"2020-10-05T08:49:19Z";"eur";"Curso 37515";"-2,985";"-196,015";"ch_1HYKanCmAIcalbBunF4VVxOv";"available";"charge"
"txn_1JEG6dCmAIcalbBu1t1OlwYe";-199;"2021-07-17T16:11:10Z";"eur";"Curso 37522";"-2,985";"-196,015";"ch_1JEG6cCmAIcalbBuTtTVS78q";"available";"charge"
"txn_1HWH5sCmAIcalbBuBHwJwK5i";-199;"2020-09-28T07:48:19Z";"eur";"Curso 37530";"-2,985";"-196,015";"ch_1HWH5rCmAIcalbBu7lpzzXFW";"available";"charge"
"txn_1HX2igCmAIcalbBuP0F84OXD";-199;"2020-09-30T10:39:33Z";"eur";"Curso 37533";"-2,985";"-196,015";"ch_1HX2ifCmAIcalbBubPDTMe3K";"available";"charge"
"txn_1ImQkSCmAIcalbBuehLKwy1G";-169;"2021-05-01T21:53:15Z";"eur";"Curso 37534";"-2,535";"-166,465";"ch_1ImQkRCmAIcalbButIAFVuPi";"available";"charge"
"txn_1HtbnBCmAIcalbBuR3JDUP1I";-169;"2020-12-01T16:33:28Z";"eur";"Curso 37536";"-2,535";"-166,465";"ch_1HtbnACmAIcalbBuZaxYAsQp";"available";"charge"
"txn_3JdiEgCmAIcalbBu0lEa6Lkx";-199;"2021-09-25T21:16:42Z";"eur";"Curso 37554";"-2,985";"-196,015";"ch_3JdiEgCmAIcalbBu0O8v5bBk";"available";"charge"
"txn_3JcKtwCmAIcalbBu1jeom4a4";-199;"2021-09-22T02:09:37Z";"eur";"Curso 37555";"-2,985";"-196,015";"ch_3JcKtwCmAIcalbBu1TJxluad";"available";"charge"
"txn_3JcL1YCmAIcalbBu06hpihfv";-199;"2021-09-22T02:17:29Z";"eur";"Curso 37556";"-2,985";"-196,015";"ch_3JcL1YCmAIcalbBu0sGUWJXr";"available";"charge"
"txn_3JccTOCmAIcalbBu01qykdGa";-199;"2021-09-22T20:55:22Z";"eur";"Curso 37558";"-2,985";"-196,015";"ch_3JccTOCmAIcalbBu02WSpwOV";"available";"charge"
"txn_3JYJybCmAIcalbBu00Kn5Pu2";-199;"2021-09-11T00:21:49Z";"eur";"Curso 37566";"-2,985";"-196,015";"ch_3JYJybCmAIcalbBu0xInNDZe";"available";"charge"
"txn_3Jd45eCmAIcalbBu1W9nuYyW";-199;"2021-09-24T02:24:43Z";"eur";"Curso 37592";"-2,985";"-196,015";"ch_3Jd45eCmAIcalbBu1uhGhb5Q";"available";"charge"
"txn_1IDAzsCmAIcalbBuOl6Tf8N8";-169;"2021-01-24T15:59:27Z";"eur";"Curso 37603";"-2,535";"-166,465";"ch_1IDAzrCmAIcalbBuK6pNx1p6";"available";"charge"
"txn_1HS85zCmAIcalbBulxN0Lstt";-169;"2020-09-16T21:23:17Z";"eur";"Curso 37625";"-2,535";"-166,465";"ch_1HS85xCmAIcalbBu8UZuAH0u";"available";"charge"
"txn_1IYHwqCmAIcalbBuLXsyV0fd";-199;"2021-03-23T21:39:35Z";"eur";"Curso 37639";"-2,985";"-196,015";"ch_1IYHwpCmAIcalbBul0BhNEsU";"available";"charge"
"txn_1IYIF4CmAIcalbBuajFd3q9Z";-199;"2021-03-23T21:58:25Z";"eur";"Curso 37653";"-2,985";"-196,015";"ch_1IYIF3CmAIcalbBuZHtR1Hlg";"available";"charge"
"txn_1IYHygCmAIcalbBu8GmKgXby";-199;"2021-03-23T21:41:28Z";"eur";"Curso 37674";"-2,985";"-196,015";"ch_1IYHyeCmAIcalbBu3oJjHPTu";"available";"charge"
"txn_1IYI61CmAIcalbBun9VbghpV";-199;"2021-03-23T21:49:04Z";"eur";"Curso 37676";"-2,985";"-196,015";"ch_1IYI60CmAIcalbBuNJCeBmIq";"available";"charge"
"txn_1Hm4cYCmAIcalbBu3ORvQbkY";-199;"2020-11-10T21:43:21Z";"eur";"Curso 37677";"-2,985";"-196,015";"ch_1Hm4cXCmAIcalbBuG7Sskaex";"available";"charge"
"txn_1GrlyNCmAIcalbBuk5nLIwNo";-199;"2020-06-08T14:29:10Z";"eur";"Curso 37680";"-2,985";"-196,015";"ch_1GrlyMCmAIcalbBubtrSmTPf";"available";"charge"
"txn_3Jr1V6CmAIcalbBu15eep8Y6";-199;"2021-11-01T14:28:41Z";"eur";"Curso 37685";"-2,985";"-196,015";"ch_3Jr1V6CmAIcalbBu138nbRl3";"available";"charge"
"txn_1IlgRdCmAIcalbBurT8SubdE";-199;"2021-04-29T20:26:43Z";"eur";"Curso 37688";"-2,985";"-196,015";"ch_1IlgRbCmAIcalbBuBLXkeMGL";"available";"charge"
"txn_1IlgPwCmAIcalbBuBr360dbP";-199;"2021-04-29T20:24:59Z";"eur";"Curso 37691";"-2,985";"-196,015";"ch_1IlgPvCmAIcalbBuSFKZAo2g";"available";"charge"
"txn_1IlgJYCmAIcalbBuZ0MNmt8O";-199;"2021-04-29T20:18:23Z";"eur";"Curso 37725";"-2,985";"-196,015";"ch_1IlgJXCmAIcalbBuXY0MG0Kx";"available";"charge"
"txn_1IlgU4CmAIcalbBuQRBqgJ0v";-199;"2021-04-29T20:29:15Z";"eur";"Curso 37744";"-2,985";"-196,015";"ch_1IlgU3CmAIcalbBuTbgDYsik";"available";"charge"
"txn_1IlgUjCmAIcalbBuTUXnNNEx";-199;"2021-04-29T20:29:55Z";"eur";"Curso 37745";"-2,985";"-196,015";"ch_1IlgUhCmAIcalbBugfXlFFDC";"available";"charge"
"txn_1IlgOTCmAIcalbBuceQW2079";-249;"2021-04-29T20:23:28Z";"eur";"Curso 37761";"-3,735";"-245,265";"ch_1IlgOSCmAIcalbBuyPTmpkGr";"available";"charge"
"txn_3JMzwkCmAIcalbBu0pQjf3kG";-199;"2021-08-10T18:45:07Z";"eur";"Curso 37762";"-2,985";"-196,015";"ch_3JMzwkCmAIcalbBu0dPpXzAw";"available";"charge"
"txn_1HJt0JCmAIcalbBuenIwF7CW";-199;"2020-08-25T03:39:21Z";"eur";"Curso 37763";"-2,985";"-196,015";"ch_1HJt0HCmAIcalbBuh5t8GWUj";"available";"charge"
"txn_3JV57OCmAIcalbBu0RXCzk5Q";-199;"2021-09-02T01:56:15Z";"eur";"Curso 37766";"-2,985";"-196,015";"ch_3JV57OCmAIcalbBu05MYAsqp";"available";"charge"
"txn_1Gtf6MCmAIcalbBueSSrtJIx";-199;"2020-06-13T19:33:12Z";"eur";"Curso 37828";"-2,985";"-196,015";"ch_1Gtf6KCmAIcalbBuwlmkZvjs";"available";"charge"
"txn_1IB1LUCmAIcalbBueSNpXfgO";-199;"2021-01-18T17:16:50Z";"eur";"Curso 37831";"-2,985";"-196,015";"ch_1IB1LSCmAIcalbBuV0IroGXB";"available";"charge"
"txn_1H2gMQCmAIcalbBuM6WCyV3x";-199;"2020-07-08T16:43:05Z";"eur";"Curso 37856";"-2,985";"-196,015";"ch_1H2gMPCmAIcalbBugGEAKeeU";"available";"charge"
"txn_1GuUn1CmAIcalbBuVSt7NO4R";-149;"2020-06-16T02:44:42Z";"eur";"Curso 37865";"-2,235";"-146,765";"ch_1GuUn0CmAIcalbBuMQAhPXO6";"available";"charge"
"txn_3JospkCmAIcalbBu0wtNhqiv";-199;"2021-10-26T16:49:09Z";"eur";"Curso 37875";"-2,985";"-196,015";"ch_3JospkCmAIcalbBu0MXdSKEd";"available";"charge"
"txn_1IulKaCmAIcalbBuARcmXICm";-199;"2021-05-24T21:28:59Z";"eur";"Curso 37877";"-2,985";"-196,015";"ch_1IulKZCmAIcalbButCdiLfVr";"available";"charge"
"txn_1Gv1xMCmAIcalbBuUeO7jiY4";-199;"2020-06-17T14:09:35Z";"eur";"Curso 37880";"-2,985";"-196,015";"ch_1Gv1xLCmAIcalbBuE83ACHjk";"available";"charge"
"txn_1IsqWeCmAIcalbBuuMvBSWZ2";-199;"2021-05-19T14:37:30Z";"eur";"Curso 37898";"-2,985";"-196,015";"ch_1IsqWcCmAIcalbBufBEhQWYN";"available";"charge"
"txn_1Isa1tCmAIcalbBueTcp9IKL";-199;"2021-05-18T21:00:40Z";"eur";"Curso 37921";"-2,985";"-196,015";"ch_1Isa1sCmAIcalbBuaIarRFzq";"available";"charge"
"txn_1Im8gQCmAIcalbBuM5bo3fjW";-249;"2021-05-01T02:35:53Z";"eur";"Curso 37984";"-3,735";"-245,265";"ch_1Im8gPCmAIcalbBup49nAHLi";"available";"charge"
"txn_1IzTGnCmAIcalbBuBm804bE0";-299;"2021-06-06T21:12:31Z";"eur";"Curso 38016";"-4,485";"-294,515";"ch_1IzTGlCmAIcalbBu4JsBTwEa";"available";"charge"
"txn_3JRSfiCmAIcalbBu0UKtzG9N";-249;"2021-08-23T02:13:59Z";"eur";"Curso 38051";"-3,735";"-245,265";"ch_3JRSfiCmAIcalbBu04RlPrph";"available";"charge"
"txn_3JRSdQCmAIcalbBu0Kv8ZfXf";-199;"2021-08-23T02:11:37Z";"eur";"Curso 38199";"-2,985";"-196,015";"ch_3JRSdQCmAIcalbBu0dRSUAcZ";"available";"charge"
"txn_3JRSc6CmAIcalbBu059JddV6";-179;"2021-08-23T02:10:15Z";"eur";"Curso 38254";"-2,685";"-176,315";"ch_3JRSc6CmAIcalbBu0l94QpKG";"available";"charge"
"txn_3JOs8LCmAIcalbBu0sMton9B";-179;"2021-08-15T22:48:50Z";"eur";"Curso 38421";"-2,685";"-176,315";"ch_3JOs8LCmAIcalbBu0lG2iHYR";"available";"charge"
"txn_3JOQ6ZCmAIcalbBu18Y28kXh";-199;"2021-08-14T16:53:07Z";"eur";"Curso 38459";"-2,985";"-196,015";"ch_3JOQ6ZCmAIcalbBu1xMrSMax";"available";"charge"
"txn_1JCyI3CmAIcalbBuRUHKIEok";-249;"2021-07-14T02:57:38Z";"eur";"Curso 38490";"-3,735";"-245,265";"ch_1JCyI2CmAIcalbBuoDU4mcmS";"available";"charge"
"txn_1JDB69CmAIcalbBuMF8Ze8xJ";-249;"2021-07-14T16:38:12Z";"eur";"Curso 38500";"-3,735";"-245,265";"ch_1JDB68CmAIcalbBuD5MYNv4f";"available";"charge"
"txn_3JMhoWCmAIcalbBu1hixMWeW";-199;"2021-08-09T23:23:24Z";"eur";"Curso 38501";"-2,985";"-196,015";"ch_3JMhoWCmAIcalbBu1Wyf7sdu";"available";"charge"
"txn_1JF0rvCmAIcalbBupwiXHSSJ";-199;"2021-07-19T18:07:06Z";"eur";"Curso 38508";"-2,985";"-196,015";"ch_1JF0ruCmAIcalbBuCjSueht9";"available";"charge"
"txn_1JJeeVCmAIcalbBuaJzvIJgM";-199;"2021-08-01T13:24:26Z";"eur";"Curso 38517";"-2,985";"-196,015";"ch_1JJeeUCmAIcalbBuXDrMXDio";"available";"charge"
"txn_3JRqt6CmAIcalbBu1NyNaQOK";-199;"2021-08-24T04:05:25Z";"eur";"Curso 38530";"-2,985";"-196,015";"ch_3JRqt6CmAIcalbBu14f8a8Mu";"available";"charge"
"txn_3JLTWWCmAIcalbBu1QJrG0uE";-249;"2021-08-06T13:55:45Z";"eur";"Curso 38534";"-3,735";"-245,265";"ch_3JLTWWCmAIcalbBu1x2h9yfU";"available";"charge"
"txn_3JMyEMCmAIcalbBu1nGALc9i";-169;"2021-08-10T16:55:11Z";"eur";"Curso 38581";"-2,535";"-166,465";"ch_3JMyEMCmAIcalbBu1lOSPZgB";"available";"charge"
"txn_3JLSEKCmAIcalbBu04RBYuVX";-249;"2021-08-06T12:32:53Z";"eur";"Curso 38582";"-3,735";"-245,265";"ch_3JLSEKCmAIcalbBu0i55Poy8";"available";"charge"
"txn_1J8N2ECmAIcalbBuj3ZgItfl";-249;"2021-07-01T10:22:17Z";"eur";"Curso 38666";"-3,735";"-245,265";"ch_1J8N2DCmAIcalbBuClQKVffR";"available";"charge"
"txn_1H6uzMCmAIcalbBuFAkFZY03";-199;"2020-07-20T09:08:47Z";"eur";"Curso 38668";"-2,985";"-196,015";"ch_1H6uzLCmAIcalbBuwM9yFAgk";"available";"charge"
"txn_1GphPOCmAIcalbBusL9zTfHA";-199;"2020-06-02T21:12:29Z";"eur";"Curso 38671";"-2,985";"-196,015";"ch_1GphPNCmAIcalbBu728dOrgX";"available";"charge"
"txn_3JmQE5CmAIcalbBu19IYY6pT";-249;"2021-10-19T21:52:06Z";"eur";"Curso 38673";"-3,735";"-245,265";"ch_3JmQE5CmAIcalbBu14NEtcB0";"available";"charge"
"txn_1GdLIXCmAIcalbBuLB48GYnV";-249;"2020-04-29T19:10:19Z";"eur";"Curso pedido 38756";"-3,735";"-245,265";"ch_1GdLIVCmAIcalbBuR5Z3Qiso";"available";"charge"
"txn_1HBTXpCmAIcalbBuypZRBhkO";-129;"2020-08-01T22:51:10Z";"eur";"Curso pedido 38785";"-1,935";"-127,065";"ch_1HBTXmCmAIcalbBu6vEFHTY2";"available";"charge"
"txn_1H4C4SCmAIcalbBucV7oUw8a";-229;"2020-07-12T20:46:47Z";"eur";"Curso pedido 38797";"-3,435";"-225,565";"ch_1H4C4RCmAIcalbBu8dhNKYPH";"available";"charge"
"txn_1IYHAeCmAIcalbBuxWOmAFZp";-249;"2021-03-23T20:49:47Z";"eur";"Curso pedido 38859";"-3,735";"-245,265";"ch_1IYHAdCmAIcalbBuGUTaolXA";"available";"charge"
"txn_3JXulnCmAIcalbBu015COaPx";-199;"2021-09-09T21:26:56Z";"eur";"Curso pedido 38892";"-2,985";"-196,015";"ch_3JXulnCmAIcalbBu0mR7zC1n";"available";"charge"
"txn_1IrLesCmAIcalbBuNdo34fKd";-199;"2021-05-15T11:27:49Z";"eur";"Curso pedido 38893";"-2,985";"-196,015";"ch_1IrLerCmAIcalbBuYD1uon6U";"available";"charge"
"txn_1IaTrrCmAIcalbBuhXC3C2Sq";-199;"2021-03-29T22:47:29Z";"eur";"Curso pedido 38896";"-2,985";"-196,015";"ch_1IaTrpCmAIcalbBuSymKZadY";"available";"charge"
"txn_1HenWrCmAIcalbBuHRYi5IoI";-249;"2020-10-21T20:03:24Z";"eur";"Curso pedido 38901";"-3,735";"-245,265";"ch_1HenWqCmAIcalbBugC0d1jkw";"available";"charge"
"txn_3JVtTACmAIcalbBu0luboc5Q";-249;"2021-09-04T07:39:21Z";"eur";"Curso pedido 38948";"-3,735";"-245,265";"ch_3JVtTACmAIcalbBu07mltWrh";"available";"charge"
"txn_3JVtVKCmAIcalbBu0zVFjzD0";-249;"2021-09-04T07:41:35Z";"eur";"Curso pedido 38952";"-3,735";"-245,265";"ch_3JVtVKCmAIcalbBu0clPnV9d";"available";"charge"
"txn_3JVtJsCmAIcalbBu1WEWrInR";-199;"2021-09-04T07:29:45Z";"eur";"Curso pedido 39467";"-2,985";"-196,015";"ch_3JVtJsCmAIcalbBu1XfhMmuD";"available";"charge"
"txn_3Jhk2VCmAIcalbBu08syY9oA";-199;"2021-10-07T00:00:48Z";"eur";"Curso pedido 39535";"-2,985";"-196,015";"ch_3Jhk2VCmAIcalbBu07BVwvU3";"available";"charge"
"txn_1Hm4YECmAIcalbBuoYq8DZk9";-199;"2020-11-10T21:38:52Z";"eur";"Curso pedido 39547";"-2,985";"-196,015";"ch_1Hm4YCCmAIcalbBu72Gbpeto";"available";"charge"
"txn_1Hm4bGCmAIcalbBuJxX3fMVU";-199;"2020-11-10T21:42:00Z";"eur";"Curso pedido 39552";"-2,985";"-196,015";"ch_1Hm4bECmAIcalbButsCMVZn6";"available";"charge"
"txn_1Hm4n6CmAIcalbBu3smvbEMJ";-199;"2020-11-10T21:54:15Z";"eur";"Curso pedido 39554";"-2,985";"-196,015";"ch_1Hm4n5CmAIcalbBuGsH8ZRkP";"available";"charge"
"txn_1Hm4gACmAIcalbBu0fGpkZfq";-199;"2020-11-10T21:47:04Z";"eur";"Curso pedido 39557";"-2,985";"-196,015";"ch_1Hm4g8CmAIcalbBugtpb7e6w";"available";"charge"
"txn_3JgwB7CmAIcalbBu1yiSxjSv";-199;"2021-10-04T18:46:22Z";"eur";"Curso pedido 39558";"-2,985";"-196,015";"ch_3JgwB7CmAIcalbBu1jz0iogS";"available";"charge"
"txn_3JhETQCmAIcalbBu1be2OCyg";-199;"2021-10-05T14:18:28Z";"eur";"Curso pedido 39561";"-2,985";"-196,015";"ch_3JhETQCmAIcalbBu1f6fLquq";"available";"charge"
"txn_3JhsT3CmAIcalbBu1KAoTVnW";-199;"2021-10-07T09:00:46Z";"eur";"Curso pedido 39564";"-2,985";"-196,015";"ch_3JhsT3CmAIcalbBu1Xz0Jjnw";"available";"charge"
"txn_1Ihas5CmAIcalbBu1Xv9QMQv";-199;"2021-04-18T13:41:08Z";"eur";"Curso pedido 39566";"-2,985";"-196,015";"ch_1Ihas4CmAIcalbBu61AYcieL";"available";"charge"
"txn_3JephzCmAIcalbBu0orUvkCw";-199;"2021-09-28T23:27:36Z";"eur";"Curso pedido 39570";"-2,985";"-196,015";"ch_3JephzCmAIcalbBu0z2kJzlz";"available";"charge"
"txn_1IgH6aCmAIcalbBuNAWbzMPk";-199;"2021-04-14T22:22:39Z";"eur";"Curso pedido 39579";"-2,985";"-196,015";"ch_1IgH6ZCmAIcalbBuQfs9kvTY";"available";"charge"
"txn_1IGTEDCmAIcalbBudICXCFXK";-199;"2021-02-02T18:03:51Z";"eur";"Curso pedido 39582";"-2,985";"-196,015";"ch_1IGTEBCmAIcalbBu9PSP1aiD";"available";"charge"
"txn_3JedxtCmAIcalbBu0jytvbkh";-199;"2021-09-28T10:55:14Z";"eur";"Curso pedido 39590";"-2,985";"-196,015";"ch_3JedxtCmAIcalbBu0ngTiw5C";"available";"charge"
"txn_3JoF3qCmAIcalbBu1roXcZjo";-199;"2021-10-24T22:21:03Z";"eur";"Curso pedido 39603";"-2,985";"-196,015";"ch_3JoF3qCmAIcalbBu1HlbZ3WV";"available";"charge"
"txn_3JXcS5CmAIcalbBu00IVYWRB";-199;"2021-09-09T01:53:22Z";"eur";"Curso pedido 39609";"-2,985";"-196,015";"ch_3JXcS5CmAIcalbBu0mLlePif";"available";"charge"
"txn_1HmWa8CmAIcalbBurae1NjZG";-199;"2020-11-12T03:34:42Z";"eur";"Curso pedido 39629";"-2,985";"-196,015";"ch_1HmWa6CmAIcalbBuy8hfSLw7";"available";"charge"
"txn_1HejCNCmAIcalbBuk0YBBscm";-199;"2020-10-21T15:25:58Z";"eur";"Curso pedido 39652";"-2,985";"-196,015";"ch_1HejCMCmAIcalbBudmL74fVa";"available";"charge"
"txn_1Hejh7CmAIcalbBuIztpy6V4";-199;"2020-10-21T15:57:44Z";"eur";"Curso pedido 39671";"-2,985";"-196,015";"ch_1Hejh6CmAIcalbBuoA8efBYo";"available";"charge"
"txn_1HejXtCmAIcalbBu6UMpaVpf";-199;"2020-10-21T15:48:12Z";"eur";"Curso pedido 39675";"-2,985";"-196,015";"ch_1HejXsCmAIcalbBuFF4y4NGI";"available";"charge"
"txn_3JjQxDCmAIcalbBu0IkPQ590";-199;"2021-10-11T16:02:19Z";"eur";"Curso pedido 39676";"-2,985";"-196,015";"ch_3JjQxDCmAIcalbBu0J9m5nuU";"available";"charge"
"txn_1HyyDcCmAIcalbBuV3N0Oe9w";-199;"2020-12-16T11:30:55Z";"eur";"Curso pedido 39697";"-2,985";"-196,015";"ch_1HyyDbCmAIcalbBu7ciEelnn";"available";"charge"
"txn_1HtdYuCmAIcalbBu3VWfxlEi";-199;"2020-12-01T18:26:51Z";"eur";"Curso pedido 39702";"-2,985";"-196,015";"ch_1HtdYtCmAIcalbBuAzCjX8Vg";"available";"charge"
"txn_1IKnwrCmAIcalbBud28a83fV";-249;"2021-02-14T16:59:51Z";"eur";"Curso pedido 39703";"-3,735";"-245,265";"ch_1IKnwpCmAIcalbBuGkKRqvVt";"available";"charge"
"txn_3JldbqCmAIcalbBu0H2FlJzp";-199;"2021-10-17T17:57:23Z";"eur";"Curso pedido 39705";"-2,985";"-196,015";"ch_3JldbqCmAIcalbBu0YWmu12H";"available";"charge"
"txn_1IhObcCmAIcalbBuCk4sQb2Q";-199;"2021-04-18T00:35:19Z";"eur";"Curso pedido 39708";"-2,985";"-196,015";"ch_1IhObbCmAIcalbBuVrXGdzKs";"available";"charge"
"txn_1IMGIECmAIcalbBudCKgBYxk";-199;"2021-02-18T17:27:57Z";"eur";"Curso pedido 39711";"-2,985";"-196,015";"ch_1IMGIDCmAIcalbBuniTao7Td";"available";"charge"
"txn_1IWmNwCmAIcalbBuAACAS2vZ";-199;"2021-03-19T17:45:19Z";"eur";"Curso pedido 39712";"-2,985";"-196,015";"ch_1IWmNvCmAIcalbBu3LZt0WU0";"available";"charge"
"txn_1IKXzwCmAIcalbBuXXTi4mGe";-199;"2021-02-13T23:57:59Z";"eur";"Curso pedido 39713";"-2,985";"-196,015";"ch_1IKXzvCmAIcalbBuPdxvuqkn";"available";"charge"
"txn_1GiVnqCmAIcalbBucuEFX4ST";-199;"2020-05-14T01:24:02Z";"eur";"Curso pedido 39715";"-2,985";"-196,015";"po_1GiVnqCmAIcalbBuXh6RjjSe";"available";"payout"
"txn_1Gu6wsCmAIcalbBu4BLc859F";-199;"2020-06-15T01:17:18Z";"eur";"Curso - Pedido  39716";"-2,985";"-196,015";"po_1Gu6wsCmAIcalbBuktSoHzF0";"available";"payout"
"txn_1HPI0ZCmAIcalbBulfhe3hFX";-249;"2020-09-09T01:21:59Z";"eur";"Curso - Pedido  39742";"-3,735";"-245,265";"po_1HPI0ZCmAIcalbBuovgrX940";"available";"payout"
"txn_1IR5pUCmAIcalbBuSFjH7OeT";-199;"2021-03-04T01:18:16Z";"eur";"Curso - Pedido  39751";"-2,985";"-196,015";"po_1IR5pUCmAIcalbBuHtfn9Pab";"available";"payout"
"txn_1HCxiACmAIcalbBuQWDi1jfg";-199;"2020-08-06T01:16:02Z";"eur";"Curso - Pedido  39762";"-2,985";"-196,015";"po_1HCxiACmAIcalbBuiVTJq6gY";"available";"payout"
"txn_1HN76fCmAIcalbBugUTbdh1Q";-199;"2020-09-03T01:19:16Z";"eur";"Curso - Pedido  39828";"-2,985";"-196,015";"po_1HN76fCmAIcalbBu0PPPnsz2";"available";"payout"
"txn_1Hy5enCmAIcalbBuo91pcQcx";-199;"2020-12-14T01:15:21Z";"eur";"Curso - Pedido  39832";"-2,985";"-196,015";"po_1Hy5enCmAIcalbBuOrrfIs29";"available";"payout"
"txn_1JfaR1CmAIcalbBuzkNoaV59";-199;"2021-10-01T01:21:11Z";"eur";"Curso - Pedido  39835";"-2,985";"-196,015";"po_1JfaR1CmAIcalbBuUSvOT3eb";"available";"payout"
"txn_1Ifas0CmAIcalbBuf1ixCBN1";-129;"2021-04-13T01:16:48Z";"eur";"Curso - Pedido  39837";"-1,935";"-127,065";"po_1Ifas0CmAIcalbBuC28Qm9hV";"available";"payout"
"txn_1JfE9nCmAIcalbBuiz5xrihW";-199;"2021-09-30T01:33:54Z";"eur";"Curso - Pedido  39864";"-2,985";"-196,015";"po_1JfE9nCmAIcalbBu4VxHng6T";"available";"payout"
"txn_1JXyEtCmAIcalbBud0m84QCj";-199;"2021-09-10T01:09:11Z";"eur";"Curso - Pedido  39902";"-2,985";"-196,015";"po_1JXyEtCmAIcalbBuiWt98rmQ";"available";"payout"
"txn_1IWAZfCmAIcalbBuBY2M23la";-199;"2021-03-18T01:22:55Z";"eur";"Curso - Pedido  40019";"-2,985";"-196,015";"po_1IWAZfCmAIcalbBuw0sEPsrp";"available";"payout"
"txn_1JSXLXCmAIcalbBugyGyS0WS";-199;"2021-08-26T01:25:35Z";"eur";"Curso - Pedido  40037";"-2,985";"-196,015";"po_1JSXLXCmAIcalbBuqBtmKkQA";"available";"payout"
"txn_1Gt1H0CmAIcalbBubknSAMHl";-169;"2020-06-12T01:01:33Z";"eur";"Curso - Pedido  40038";"-2,535";"-166,465";"po_1Gt1GzCmAIcalbBuzaI17OLJ";"available";"payout"
"txn_1IFr2xCmAIcalbBu3wiz991r";-29;"2021-02-01T01:17:42Z";"eur";"Curso - Pedido  40040";"-0,435";"-28,565";"po_1IFr2xCmAIcalbBuleR6tWeq";"available";"payout"
"txn_1IaYGYCmAIcalbBuv2uNkpuT";-199;"2021-03-30T03:29:17Z";"eur";"Curso - Pedido  40055";"-2,985";"-196,015";"po_1IaYGYCmAIcalbBuKMbIzwRL";"available";"payout"
"txn_1H25ikCmAIcalbBuq6wBh7Df";-199;"2020-07-07T01:35:41Z";"eur";"Curso - Pedido  40094";"-2,985";"-196,015";"po_1H25ikCmAIcalbBueOAuvH0U";"available";"payout"
"txn_1IuSURCmAIcalbBuPJ3S1KOP";-249;"2021-05-24T01:21:55Z";"eur";"Curso - Pedido  40096";"-3,735";"-245,265";"po_1IuSURCmAIcalbBuZd0Hjt5L";"available";"payout"
"txn_1JTzDkCmAIcalbBu2uZX3kGG";-199;"2021-08-30T01:23:32Z";"eur";"Curso - Pedido  40101";"-2,985";"-196,015";"po_1JTzDkCmAIcalbBugiqYL9jj";"available";"payout"
"txn_1JSApbCmAIcalbBueLFzzxnT";-199;"2021-08-25T01:23:06Z";"eur";"Curso - Pedido  40249";"-2,985";"-196,015";"po_1JSApbCmAIcalbBu0yTsUqGP";"available";"payout"
"txn_1JI1YnCmAIcalbBuluHoLA6z";-29;"2021-07-28T01:27:49Z";"eur";"Curso - Pedido  40260";"-0,435";"-28,565";"po_1JI1YnCmAIcalbBuVrvSSsFK";"available";"payout"
"txn_1Ise62CmAIcalbBu5kTSsw2p";-129;"2021-05-19T01:21:14Z";"eur";"Curso - Pedido  40406";"-1,935";"-127,065";"po_1Ise62CmAIcalbBuBx1CMqjp";"available";"payout"
"txn_1HTdkaCmAIcalbButfaAu681";-149;"2020-09-21T01:23:28Z";"eur";"Curso - Pedido  40412";"-2,235";"-146,765";"po_1HTdkaCmAIcalbBustRo6Id8";"available";"payout"
"txn_1HDJyWCmAIcalbBuQWKDJRdS";-199;"2020-08-07T01:02:24Z";"eur";"Curso - Pedido  40422";"-2,985";"-196,015";"po_1HDJyWCmAIcalbBuGAhFwMHL";"available";"payout"
"txn_1GzBdbCmAIcalbBuJXeDRxKS";-149;"2020-06-29T01:18:23Z";"eur";"Curso - Pedido  40440";"-2,235";"-146,765";"po_1GzBdbCmAIcalbBu1Ww4jy17";"available";"payout"
"txn_1GhQDqCmAIcalbBut7mAQZTz";-149;"2020-05-11T01:14:21Z";"eur";"Curso - Pedido  40444";"-2,235";"-146,765";"po_1GhQDqCmAIcalbBulhrKgOOa";"available";"payout"
"txn_1Ja9LUCmAIcalbBuXC8sTRpq";-29;"2021-09-16T01:25:00Z";"eur";"Curso - Pedido  40469";"-0,435";"-28,565";"po_1Ja9LUCmAIcalbBuZ1gF4RdP";"available";"payout"
"txn_1IqTEHCmAIcalbBumzdORaqP";-249;"2021-05-13T01:20:45Z";"eur";"Curso - Pedido  40478";"-3,735";"-245,265";"po_1IqTEHCmAIcalbBu7xhDZUjZ";"available";"payout"
"txn_1JpNu9CmAIcalbBukYsGi6ER";-249;"2021-10-28T01:59:45Z";"eur";"Curso - Pedido  40560";"-3,735";"-245,265";"po_1JpNu9CmAIcalbBuXSZtnlE4";"available";"payout"
"txn_3JVtVKCmAIcalbBu03vefAwf";-199;"2021-09-06T20:50:54Z";"eur";"Curso - Pedido  40567";"-2,985";"-196,015";"re_3JVtVKCmAIcalbBu0eyPQgpn";"available";"refund"
"txn_1GuTNhCmAIcalbBuMwsFmg52";-229;"2020-06-16T01:14:29Z";"eur";"Curso - Pedido  40620";"-3,435";"-225,565";"po_1GuTNhCmAIcalbBu7RhLqgDI";"available";"payout"
"txn_1IE2nlCmAIcalbBuYarlXAPW";-249;"2021-01-27T01:26:33Z";"eur";"Curso - Pedido  40728";"-3,735";"-245,265";"po_1IE2nlCmAIcalbBuIIGSvYls";"available";"payout"
"txn_1IYhqtCmAIcalbBuVYDdeKRx";-199;"2021-03-25T01:19:11Z";"eur";"Curso - Pedido  40762";"-2,985";"-196,015";"po_1IYhqtCmAIcalbBu24iiq5zS";"available";"payout"
"txn_1IEPLMCmAIcalbButefqeyJq";-249;"2021-01-28T01:30:44Z";"eur";"Curso - Pedido  40784";"-3,735";"-245,265";"po_1IEPLMCmAIcalbBuaRAcqT7P";"available";"payout"
"txn_1H0H9mCmAIcalbBukFfk0MNl";-299;"2020-07-02T01:24:06Z";"eur";"Curso - Pedido  40795";"-4,485";"-294,515";"po_1H0H9mCmAIcalbBuz85ZqRh7";"available";"payout"
"txn_1I6n0kCmAIcalbBucfYQJfGw";-199;"2021-01-07T01:09:58Z";"eur";"Curso - Pedido  40841";"-2,985";"-196,015";"po_1I6n0kCmAIcalbBuxEI2aoNj";"available";"payout"
"txn_1GLJDDCmAIcalbBuB7fupgcp";-29;"2020-03-11T01:18:19Z";"eur";"Curso - Pedido  40844";"-0,435";"-28,565";"po_1GLJDDCmAIcalbBuOEkXlFt6";"available";"payout"
"txn_1HA41oCmAIcalbBumT5cOoM0";-149;"2020-07-29T01:24:20Z";"eur";"Curso - Pedido  40845";"-2,235";"-146,765";"po_1HA41oCmAIcalbBut9Eoffqd";"available";"payout"
"txn_1HlP00CmAIcalbBulSpBFKLz";-249;"2020-11-09T01:16:48Z";"eur";"Curso - Pedido  40858";"-3,735";"-245,265";"po_1HlP00CmAIcalbBuDNvgyDEh";"available";"payout"
"txn_1JUiBpCmAIcalbBueblSqtRg";-199;"2021-09-01T01:24:33Z";"eur";"Curso - Pedido  40876";"-2,985";"-196,015";"po_1JUiBpCmAIcalbBuC1ogi2Nz";"available";"payout"
"txn_1IwzvuCmAIcalbBuZVrqr3yP";-249;"2021-05-31T01:28:46Z";"eur";"Curso - Pedido  40885";"-3,735";"-245,265";"po_1IwzvuCmAIcalbBuDrSTTmzW";"available";"payout"
"txn_1IkfeJCmAIcalbBuGsQCLgnk";-199;"2021-04-27T01:23:39Z";"eur";"Curso - Pedido  40952";"-2,985";"-196,015";"po_1IkfeJCmAIcalbBuWRLxFxRq";"available";"payout"
"txn_1H7t4hCmAIcalbBuoEhM8T82";-199;"2020-07-23T01:18:19Z";"eur";"Curso - Pedido  40984";"-2,985";"-196,015";"po_1H7t4hCmAIcalbBuzcOX4723";"available";"payout"
"txn_1IOC0ICmAIcalbBuBjN7tJlE";-199;"2021-02-24T01:17:26Z";"eur";"Curso - Pedido  41007";"-2,985";"-196,015";"po_1IOC0ICmAIcalbBuF1bBrB0g";"available";"payout"
"txn_1JCaKUCmAIcalbBuX7SLgmaa";-199;"2021-07-13T01:22:34Z";"eur";"Curso - Pedido  41301";"-2,985";"-196,015";"po_1JCaKUCmAIcalbBudqqOR5pe";"available";"payout"
"txn_1JhlbOCmAIcalbBurJ0mVrpU";-199;"2021-10-07T01:40:53Z";"eur";"Curso - Pedido  41302";"-2,985";"-196,015";"po_1JhlbNCmAIcalbBustF341e3";"available";"payout"
"txn_1GvCT4CmAIcalbBuutIC4AlI";-249;"2020-06-18T01:23:02Z";"eur";"Curso - Pedido  41306";"-3,735";"-245,265";"po_1GvCT4CmAIcalbBuRxFCpml1";"available";"payout"
"txn_1J5owJCmAIcalbBufwFvY3BL";-199;"2021-06-24T09:33:38Z";"eur";"Curso - Pedido  41307";"-2,985";"-196,015";"re_1J5owICmAIcalbBuD8QBVat6";"available";"refund"
"txn_1JPGyRCmAIcalbBujSjZvAvq";-199;"2021-08-17T01:20:15Z";"eur";"Curso - Pedido  41321";"-2,985";"-196,015";"po_1JPGyRCmAIcalbBu505rsnzW";"available";"payout"
"txn_1HekIlCmAIcalbBuw4kSeZQm";-199;"2020-10-21T16:36:39Z";"eur";"Curso - Pedido  41329";"-2,985";"-196,015";"re_1HekIlCmAIcalbBunQcD5io1";"available";"refund"
"txn_1JjZl6CmAIcalbBulDIPwcsh";-169;"2021-10-12T01:26:24Z";"eur";"Curso - Pedido  41335";"-2,535";"-166,465";"po_1JjZl6CmAIcalbBueBksyaNM";"available";"payout"
"txn_1HnND7CmAIcalbBuYGjblNas";-199;"2020-11-14T11:46:29Z";"eur";"Curso - Pedido  41346";"-2,985";"-196,015";"re_1HnND7CmAIcalbBurEMdNeWY";"available";"refund"
"txn_1I1iM1CmAIcalbBup8cgKbfU";-199;"2020-12-24T01:10:57Z";"eur";"Curso - Pedido  41357";"-2,985";"-196,015";"po_1I1iM1CmAIcalbBuP2s387lC";"available";"payout"
"txn_1J5owDCmAIcalbBuOjYUGMl3";-199;"2021-06-24T09:33:33Z";"eur";"Curso - Pedido  41359";"-2,388";"-196,612";"re_1J5owDCmAIcalbBuBAdhkCmR";"available";"refund"
"txn_1JB8EMCmAIcalbBux8WJmPjv";-149;"2021-07-09T01:10:14Z";"eur";"Curso - Pedido  41379";"-2,235";"-146,765";"po_1JB8EMCmAIcalbBupWlNPexA";"available";"payout"
"txn_1JnCckCmAIcalbBuHKML4EwA";-199;"2021-10-22T01:32:46Z";"eur";"Curso - Pedido  41391";"-2,985";"-196,015";"po_1JnCckCmAIcalbBuZ7ZC7vlI";"available";"payout"
"txn_1J7Vh3CmAIcalbBu7qp05u63";-199;"2021-06-29T01:24:53Z";"eur";"Curso - Pedido  41420";"-2,985";"-196,015";"po_1J7Vh3CmAIcalbBu3bn496aE";"available";"payout"
"txn_1GgKeTCmAIcalbBuZXrUxAXt";-199;"2020-05-08T01:05:21Z";"eur";"Curso - Pedido  41432";"-2,985";"-196,015";"po_1GgKeTCmAIcalbBuPzgCI3aF";"available";"payout"
"txn_1IHItYCmAIcalbBuoM3QPWo5";-199;"2021-02-05T01:14:00Z";"eur";"Curso - Pedido  41439";"-2,985";"-196,015";"po_1IHItYCmAIcalbBuU7Sz6rso";"available";"payout"
"txn_1HXcjuCmAIcalbBuRnjYr0Ve";-149;"2020-10-02T01:07:13Z";"eur";"Curso - Pedido  41444";"-2,235";"-146,765";"po_1HXcjtCmAIcalbBuJpBecsWo";"available";"payout"
"txn_1I3WuFCmAIcalbBu4n3JVGA9";-199;"2020-12-29T01:21:47Z";"eur";"Curso - Pedido  41448";"-2,985";"-196,015";"po_1I3WuFCmAIcalbBupC9L0nqI";"available";"payout"
"txn_1IhllaCmAIcalbBu8XKkZ4rQ";-129;"2021-04-19T01:19:10Z";"eur";"Curso - Pedido  41450";"-1,935";"-127,065";"po_1IhllaCmAIcalbBu5VDnUX8q";"available";"payout"
"txn_1HuSqCCmAIcalbBuFfQpBSuB";-199;"2020-12-04T01:12:08Z";"eur";"Curso - Pedido  41451";"-2,985";"-196,015";"po_1HuSqCCmAIcalbBu3yVy9OBp";"available";"payout"
"txn_1HUjE9CmAIcalbBujVs1R4E9";-149;"2020-09-24T01:26:29Z";"eur";"Curso - Pedido  41456";"-2,235";"-146,765";"po_1HUjE9CmAIcalbBuBdovaIJ7";"available";"payout"
"txn_1GxjjoCmAIcalbBuh9D57pYg";-199;"2020-06-25T01:18:48Z";"eur";"Curso - Pedido  41460";"-2,985";"-196,015";"po_1GxjjoCmAIcalbBuBYWKAj2h";"available";"payout"
"txn_1JNSfTCmAIcalbBuzkMw7xCP";-249;"2021-08-12T01:25:11Z";"eur";"Curso - Pedido  41464";"-3,735";"-245,265";"po_1JNSfTCmAIcalbBuPkdC1X1k";"available";"payout"
"txn_1JMjlcCmAIcalbBuL7ombCKF";-199;"2021-08-10T01:28:32Z";"eur";"Curso - Pedido  41465";"-2,985";"-196,015";"po_1JMjlcCmAIcalbBuVT7cT35a";"available";"payout"
"txn_1JerUsCmAIcalbBuD7DTADCu";-199;"2021-09-29T01:22:10Z";"eur";"Curso - Pedido  41467";"-2,985";"-196,015";"po_1JerUsCmAIcalbBudRA6TOO6";"available";"payout"
"txn_1JDfeCCmAIcalbBuLUSbcr46";-299;"2021-07-16T01:15:23Z";"eur";"Curso - Pedido  41476";"-4,485";"-294,515";"po_1JDfeCCmAIcalbBunx1EtVpK";"available";"payout"
"txn_1J5hKYCmAIcalbBuTLOiGHsJ";-199;"2021-06-24T01:26:10Z";"eur";"Curso - Pedido  41490";"-2,985";"-196,015";"po_1J5hKYCmAIcalbBugnRfWgM5";"available";"payout"
"txn_1H2RuoCmAIcalbBuB3e0ZEeb";-199;"2020-07-08T01:17:38Z";"eur";"Curso - Pedido  41491";"-2,985";"-196,015";"po_1H2RuoCmAIcalbBuwX5ugFba";"available";"payout"
"txn_1GweNdCmAIcalbBukR7YviRT";-199;"2020-06-22T01:23:25Z";"eur";"Curso - Pedido  41492";"-2,985";"-196,015";"po_1GweNdCmAIcalbBuzG5yP9VV";"available";"payout"
"txn_1GsIaGCmAIcalbBuGOajIKAF";-199;"2020-06-10T01:18:28Z";"eur";"Curso - Pedido  41493";"-2,985";"-196,015";"po_1GsIaGCmAIcalbBuQ8zKaz4v";"available";"payout"
"txn_1It0a7CmAIcalbBuV0Am3vvt";-199;"2021-05-20T01:21:47Z";"eur";"Curso - Pedido  41499";"-2,985";"-196,015";"po_1It0a7CmAIcalbBujck1KzSB";"available";"payout"
"txn_1GfySMCmAIcalbBunoGg1sQT";-199;"2020-05-07T01:23:22Z";"eur";"Curso pedido 41500";"-2,985";"-196,015";"po_1GfySMCmAIcalbBurp78icjL";"available";"payout"
"txn_1IdmKrCmAIcalbBuoa6ym6wg";-199;"2021-04-08T01:07:04Z";"eur";"Curso pedido 41508";"-2,985";"-196,015";"po_1IdmKrCmAIcalbBucOnQT4xp";"available";"payout"
"txn_1Jp1RqCmAIcalbBuPt4hs1D9";-149;"2021-10-27T02:01:02Z";"eur";"Curso - Pedido  41531";"-2,235";"-146,765";"po_1Jp1RqCmAIcalbBug9Pm2L4C";"available";"payout"
"txn_1HzXVqCmAIcalbBuQixCS6pb";-199;"2020-12-18T01:12:06Z";"eur";"Curso pedido 41534";"-2,985";"-196,015";"po_1HzXVqCmAIcalbBuMWGuK6gr";"available";"payout"
"txn_1JLHeLCmAIcalbBukT6g623v";-199;"2021-08-06T01:15:01Z";"eur";"Curso pedido 41576";"-2,985";"-196,015";"po_1JLHeLCmAIcalbBuCvRfypxz";"available";"payout"
"txn_1GcjZNCmAIcalbBufHTGWBOE";-199;"2020-04-28T02:53:13Z";"eur";"Curso pedido 41577";"-2,985";"-196,015";"po_1GcjZNCmAIcalbBuDUT0434O";"available";"payout"
"txn_1IYHCvCmAIcalbBucuVGaLlT";-199;"2021-03-23T20:52:09Z";"eur";"Curso pedido 41584";"-2,985";"-196,015";"re_1IYHCvCmAIcalbBuAbXWN5DW";"available";"refund"
"txn_1JruqzCmAIcalbBuM6OcNBBX";-199;"2021-11-04T01:34:57Z";"eur";"Curso pedido 41585";"-2,985";"-196,015";"po_1JruqzCmAIcalbBuoDgDMA5X";"available";"payout"
"txn_1GfFSVCmAIcalbBu3y5zjHkH";-199;"2020-05-05T01:20:30Z";"eur";"Curso pedido 41600";"-2,985";"-196,015";"po_1GfFSVCmAIcalbBuje4FqzYn";"available";"payout"
"txn_1J79APCmAIcalbBunz0GN1zn";-199;"2021-06-28T01:21:41Z";"eur";"Curso pedido 41610";"-2,985";"-196,015";"po_1J79APCmAIcalbBuqAaofHOa";"available";"payout"
"txn_1HfRwHCmAIcalbBu9qcWoop7";-199;"2020-10-23T15:12:21Z";"eur";"Curso pedido 41657";"-2,985";"-196,015";"re_1HfRwHCmAIcalbBupPJZlICN";"available";"refund"
"txn_1HaA9OCmAIcalbBuUaDglHEC";-249;"2020-10-09T01:12:02Z";"eur";"Curso pedido 41760";"-3,735";"-245,265";"po_1HaA9OCmAIcalbBuEaCiVvlc";"available";"payout"
"txn_1HR6LOCmAIcalbBu7Fp5oNEg";-299;"2020-09-14T01:18:58Z";"eur";"Curso pedido 41761";"-4,485";"-294,515";"po_1HR6LOCmAIcalbButFAROMzd";"available";"payout"
"txn_1H7WZOCmAIcalbBu8QsMZ4qW";-199;"2020-07-22T01:16:30Z";"eur";"Curso pedido 41775";"-2,985";"-196,015";"po_1H7WZOCmAIcalbBuk2GDoj8j";"available";"payout"
"txn_1GzuZzCmAIcalbBugDyKCO3h";-199;"2020-07-01T01:17:38Z";"eur";"Curso pedido 41776";"-2,985";"-196,015";"po_1GzuZzCmAIcalbBugYcqXCke";"available";"payout"
"txn_1GVoprCmAIcalbBuzsAZ6Y0f";-199;"2020-04-09T01:05:39Z";"eur";"Curso pedido 41777";"-2,985";"-196,015";"po_1GVoprCmAIcalbBuzMt9DTA6";"available";"payout"
"txn_1HyS8mCmAIcalbBuxO0iPjHK";-199;"2020-12-15T01:15:48Z";"eur";"Curso pedido 41862";"-2,985";"-196,015";"po_1HyS8mCmAIcalbBuDgTq95gm";"available";"payout"
"txn_1JPzzkCmAIcalbBu9UqkuF11";-29;"2021-08-19T01:24:36Z";"eur";"Curso pedido 41863";"-0,435";"-28,565";"po_1JPzzkCmAIcalbBuIL2fgUZH";"available";"payout"
"txn_1HBsKeCmAIcalbBugfC1XRR2";-199;"2020-08-03T01:19:16Z";"eur";"Curso pedido 41870";"-2,985";"-196,015";"po_1HBsKeCmAIcalbBuVGyTceSm";"available";"payout"
"txn_1Iy5GMCmAIcalbBuN4CjOOHW";-169;"2021-06-03T01:22:22Z";"eur";"Curso pedido 41876";"-2,535";"-166,465";"po_1Iy5GMCmAIcalbBuzbzoZY8Z";"available";"payout"
"txn_1JMNEcCmAIcalbBuKZtmpTg2";-29;"2021-08-09T01:24:58Z";"eur";"Curso pedido 41878";"-0,435";"-28,565";"po_1JMNEcCmAIcalbBu04k8qQ4h";"available";"payout"
"txn_1HQ0nOCmAIcalbBuJm0L2IDv";-199;"2020-09-11T01:11:22Z";"eur";"Curso pedido 41924";"-2,985";"-196,015";"po_1HQ0nOCmAIcalbBuoqjjgBrA";"available";"payout"
"txn_1H5i5bCmAIcalbBujcD0q1Da";-249;"2020-07-17T01:10:15Z";"eur";"Curso pedido 41942";"-3,735";"-245,265";"po_1H5i5bCmAIcalbBukoxNnnx4";"available";"payout"
"txn_1I9gqBCmAIcalbBunVrYnMYB";-249;"2021-01-15T01:11:03Z";"eur";"Curso pedido 42002";"-3,735";"-245,265";"po_1I9gqBCmAIcalbBuJa2Wg6o5";"available";"payout"
"txn_1HekIBCmAIcalbBus7NYS6AB";-249;"2020-10-21T16:36:03Z";"eur";"Curso pedido 42017";"-3,735";"-245,265";"re_1HekIBCmAIcalbBuduK6K7Ys";"available";"refund"
"txn_1H7A41CmAIcalbBuuSzGdaXS";-199;"2020-07-21T01:14:37Z";"eur";"Curso pedido 42024";"-2,985";"-196,015";"po_1H7A41CmAIcalbBuWVaAAeRU";"available";"payout"
"txn_1I4FmRCmAIcalbBuN8S3Z2sm";-299;"2020-12-31T01:16:43Z";"eur";"Curso pedido 42026";"-4,485";"-294,515";"po_1I4FmRCmAIcalbBu4IxFcMad";"available";"payout"
"txn_1HEPc5CmAIcalbBuJEBCXiYS";-249;"2020-08-10T01:15:45Z";"eur";"Curso pedido 42055";"-3,735";"-245,265";"po_1HEPc5CmAIcalbBudLdrpnrd";"available";"payout"
"txn_1HgiKBCmAIcalbBundQ2bp34";-199;"2020-10-27T02:54:15Z";"eur";"Curso pedido 42058";"-2,985";"-196,015";"po_1HgiKBCmAIcalbBuIkb1X7Vf";"available";"payout"
"txn_1JV4eUCmAIcalbBuBI9UyCR2";-199;"2021-09-02T01:23:38Z";"eur";"Curso pedido 42086";"-2,985";"-196,015";"po_1JV4eUCmAIcalbBuaRTevzHh";"available";"payout"
"txn_1J3A40CmAIcalbBubtx6xPhg";-199;"2021-06-17T01:30:36Z";"eur";"Curso pedido 42135";"-2,985";"-196,015";"po_1J3A40CmAIcalbButvJfCw6H";"available";"payout"
"txn_1JINy3CmAIcalbBuPe5EApXl";-179;"2021-07-29T01:23:23Z";"eur";"Curso pedido 42141";"-2,685";"-176,315";"po_1JINy3CmAIcalbBuGqo8blIW";"available";"payout"
"txn_1JoI8ACmAIcalbBuuwrjWIEs";-229;"2021-10-25T01:37:42Z";"eur";"Curso pedido 42142";"-3,435";"-225,565";"po_1JoI8ACmAIcalbBuvb9q5uxB";"available";"payout"
"txn_1I0zY5CmAIcalbBuxfBDz37h";-229;"2020-12-22T01:20:25Z";"eur";"Curso pedido 42147";"-3,435";"-225,565";"po_1I0zY5CmAIcalbBuKaL3X644";"available";"payout"
"txn_1IBro8CmAIcalbBuLpKrvSK6";-179;"2021-01-21T01:17:56Z";"eur";"Curso pedido 42148";"-2,685";"-176,315";"po_1IBro8CmAIcalbBuVhTmacGL";"available";"payout"
"txn_1IfEPzCmAIcalbBu0SO3maSi";-29;"2021-04-12T01:18:23Z";"eur";"Curso pedido 42215";"-0,435";"-28,565";"po_1IfEPzCmAIcalbBulH7lhpOF";"available";"payout"
"txn_1Hu6NHCmAIcalbBuAZdciFgq";-29;"2020-12-03T01:12:46Z";"eur";"Curso pedido 42232";"-0,435";"-28,565";"po_1Hu6NGCmAIcalbBuaXLoBAuX";"available";"payout"
"txn_1HWXc8CmAIcalbBuJReoBI19";-199;"2020-09-29T01:26:44Z";"eur";"Curso pedido 42251";"-2,985";"-196,015";"po_1HWXc8CmAIcalbBuC3VrAo5v";"available";"payout"
"txn_1IM1ACCmAIcalbBuUCd0O6Su";-29;"2021-02-18T01:18:40Z";"eur";"Curso pedido 42291";"-0,435";"-28,565";"po_1IM1ACCmAIcalbBuYMuQftRU";"available";"payout"
"txn_1HKDEKCmAIcalbBuvv1fNcrr";-199;"2020-08-26T01:15:12Z";"eur";"Curso pedido 42294";"-2,985";"-196,015";"po_1HKDEKCmAIcalbBuqiNhRzrw";"available";"payout"
"txn_1HmUQrCmAIcalbBuOo4NklCF";-199;"2020-11-12T01:17:01Z";"eur";"Curso pedido 42295";"-2,985";"-196,015";"po_1HmUQrCmAIcalbBuN5zCFkzi";"available";"payout"
"txn_1HXGStCmAIcalbBuniy59kV2";-199;"2020-10-01T01:20:11Z";"eur";"Curso pedido 42304";"-2,985";"-196,015";"po_1HXGStCmAIcalbBuveNPuO9D";"available";"payout"
"txn_1HFrJcCmAIcalbBuU2vlWSvR";-29;"2020-08-14T01:02:40Z";"eur";"Curso pedido 42306";"-0,435";"-28,565";"po_1HFrJcCmAIcalbBuTBbQlYs8";"available";"payout"
"txn_1JaVkQCmAIcalbBuloJ5kjoG";-249;"2021-09-17T01:20:14Z";"eur";"Curso pedido 42307";"-3,735";"-245,265";"po_1JaVkQCmAIcalbBu0MQgXzWj";"available";"payout"
"txn_1JAlwUCmAIcalbBu6f1WGcV4";-149;"2021-07-08T01:22:18Z";"eur";"Curso pedido 42308";"-2,235";"-146,765";"po_1JAlwUCmAIcalbBuXDCVawkh";"available";"payout"
"txn_1HzBB7CmAIcalbBu2uomgkXG";-29;"2020-12-17T01:21:13Z";"eur";"Curso pedido 42353";"-0,435";"-28,565";"po_1HzBB7CmAIcalbBuPdCnpdoO";"available";"payout"
"txn_1JIkIACmAIcalbBuTIZ1zdvU";-29;"2021-07-30T01:13:38Z";"eur";"Curso pedido 42480";"-0,435";"-28,565";"po_1JIkIACmAIcalbBu2VeN08ay";"available";"payout"
"txn_3JRSdQCmAIcalbBu0iEtcmP9";-199;"2021-09-13T13:37:13Z";"eur";"Curso pedido 42498";"-2,985";"-196,015";"re_3JRSdQCmAIcalbBu01B0fo9T";"available";"refund"
"txn_1HvuqhCmAIcalbBup6Oh1apl";-29;"2020-12-08T01:18:38Z";"eur";"Curso pedido 42514";"-0,435";"-28,565";"po_1HvuqhCmAIcalbBupIEkmOqm";"available";"payout"
"txn_1JWWfnCmAIcalbBu9xROLkRL";-29;"2021-09-06T01:30:59Z";"eur";"Curso pedido 42519";"-0,435";"-28,565";"po_1JWWfnCmAIcalbBuv4yXVJqh";"available";"payout"
"txn_1JZ3tqCmAIcalbBuKx9b3CYi";-29;"2021-09-13T01:23:58Z";"eur";"Curso pedido 42573";"-0,435";"-28,565";"po_1JZ3tqCmAIcalbBuG42EMEUQ";"available";"payout"
"txn_1IYLPlCmAIcalbBuf3IWHgO1";-29;"2021-03-24T01:21:41Z";"eur";"Curso pedido 42579";"-0,435";"-28,565";"po_1IYLPlCmAIcalbBujK9kGMDY";"available";"payout"
"txn_1HbydNCmAIcalbBuC7m0kR1R";-29;"2020-10-14T01:18:28Z";"eur";"Curso pedido 42582";"-0,58";"-28,42";"po_1HbydNCmAIcalbBu8NCcuhlJ";"available";"payout"
"txn_1JQMP0CmAIcalbBu2mUXEEq1";-29;"2021-08-20T01:20:10Z";"eur";"Webinar pedido 42601";"-0,58";"-28,42";"po_1JQMP0CmAIcalbBuxnpNXMAK";"available";"payout"
"txn_1Gsf80CmAIcalbBuWPjdoSUL";-29;"2020-06-11T01:22:48Z";"eur";"Webinar pedido 42623";"-0,58";"-28,42";"po_1Gsf80CmAIcalbBumH38BsTw";"available";"payout"
"txn_1ITdEMCmAIcalbBuhDIn7VfF";-29;"2021-03-11T01:22:26Z";"eur";"Webinar pedido 42709";"-0,58";"-28,42";"po_1ITdEMCmAIcalbBuIJOfLL1T";"available";"payout"
"txn_1HYiFvCmAIcalbBumMG7CIKF";-29;"2020-10-05T01:12:47Z";"eur";"Webinar pedido 42710";"-0,58";"-28,42";"po_1HYiFvCmAIcalbBuGvSMr6Z0";"available";"payout"
"txn_1IWWqlCmAIcalbBuQJjrWW1j";-29;"2021-03-19T01:10:03Z";"eur";"Webinar pedido 42711";"-0,58";"-28,42";"po_1IWWqlCmAIcalbBuWF1n60QZ";"available";"payout"
"txn_1HKw1ECmAIcalbBuc35J2jiv";-29;"2020-08-28T01:04:40Z";"eur";"Webinar pedido 42765";"-0,58";"-28,42";"po_1HKw1ECmAIcalbBuZ3gYw6wm";"available";"payout"
"txn_1JN6EjCmAIcalbBuVGyxYuki";-199;"2021-08-11T01:28:05Z";"eur";"Webinar pedido 42768";"-3,98";"-195,02";"po_1JN6EjCmAIcalbBuZgUaOJ18";"available";"payout"
"txn_1J63deCmAIcalbBuKpFrRPBS";-199;"2021-06-25T01:15:22Z";"eur";"Webinar pedido 42780";"-3,98";"-195,02";"po_1J63deCmAIcalbBujxBzXoUJ";"available";"payout"
"txn_1I9KUlCmAIcalbBu4DJnrXzr";-199;"2021-01-14T01:19:27Z";"eur";"Webinar pedido 42801";"-3,98";"-195,02";"po_1I9KUlCmAIcalbBuwW6bYuKJ";"available";"payout"
"txn_1H3AeLCmAIcalbBuAk9VzXBL";-29;"2020-07-10T01:03:37Z";"eur";"Webinar pedido 42942";"-0,58";"-28,42";"po_1H3AeLCmAIcalbBufcd7dbvn";"available";"payout"
"txn_1H2oPyCmAIcalbBu0UC6JZVc";-199;"2020-07-09T01:19:18Z";"eur";"Webinar pedido 42967";"-3,98";"-195,02";"po_1H2oPyCmAIcalbBuR7bBjnOj";"available";"payout"
"txn_1JkIviCmAIcalbBuIsFq4iHo";-299;"2021-10-14T01:40:22Z";"eur";"Webinar pedido 42968";"-5,98";"-293,02";"po_1JkIviCmAIcalbBu4tUzQnDW";"available";"payout"
"txn_1JWt4SCmAIcalbBupY095pzs";-199;"2021-09-07T01:25:56Z";"eur";"Webinar pedido 42989";"-3,98";"-195,02";"po_1JWt4SCmAIcalbBuJ913R0ab";"available";"payout"
"txn_1Hjx74CmAIcalbBusYlE30ne";-29;"2020-11-05T01:18:06Z";"eur";"Webinar pedido 42996";"-0,58";"-28,42";"po_1Hjx74CmAIcalbBuI6k93e3K";"available";"payout"
"txn_1HGwzsCmAIcalbBur9Y62qPP";-249;"2020-08-17T01:18:48Z";"eur";"Webinar pedido 42999";"-4,98";"-244,02";"po_1HGwzsCmAIcalbBuJGYAXMPQ";"available";"payout"
"txn_1Gl3CqCmAIcalbBuTSGgoVZV";-29;"2020-05-21T01:28:20Z";"eur";"Webinar pedido 43004";"-0,58";"-28,42";"po_1Gl3CqCmAIcalbBuZz2hciC4";"available";"payout"
"txn_1H4GRaCmAIcalbBul3WXkLEK";-299;"2020-07-13T01:26:58Z";"eur";"Webinar pedido 43170";"-5,98";"-293,02";"po_1H4GRaCmAIcalbBudmdVeieE";"available";"payout"
"txn_1Ji7jkCmAIcalbBuwGkTdffG";-199;"2021-10-08T01:18:59Z";"eur";"Webinar pedido 43204";"-3,98";"-195,02";"po_1Ji7jkCmAIcalbBuHds9tlBr";"available";"payout"
"txn_1IggFJCmAIcalbBukgaU5rGn";-199;"2021-04-16T01:13:21Z";"eur";"Curso pedido 43205";"-3,98";"-195,02";"po_1IggFJCmAIcalbBu2B4ZiUdX";"available";"payout"
"txn_1GVSKtCmAIcalbBu2P36AKTG";-199;"2020-04-08T01:04:11Z";"eur";"Curso pedido 43268";"-3,98";"-195,02";"po_1GVSKtCmAIcalbBu2nLeftVZ";"available";"payout"
"txn_1HFV4jCmAIcalbBuuC64K0vV";-249;"2020-08-13T01:17:49Z";"eur";"Curso pedido 43269";"-4,98";"-244,02";"po_1HFV4jCmAIcalbBulsecxoub";"available";"payout"
"txn_1HRSxlCmAIcalbBuYSfVwYLz";-229;"2020-09-15T01:28:05Z";"eur";"Curso pedido 43273";"-4,58";"-224,42";"po_1HRSxlCmAIcalbBuMFVfyLOG";"available";"payout"
"txn_1HWB9qCmAIcalbBuZg1pF3uu";-199;"2020-09-28T01:28:02Z";"eur";"Curso pedido 43277";"-3,98";"-195,02";"po_1HWB9qCmAIcalbBuLpGKCRG8";"available";"payout"
"txn_1HOZ9GCmAIcalbBuw7Fw9LpI";-199;"2020-09-07T01:27:58Z";"eur";"Curso pedido 43279";"-3,98";"-195,02";"po_1HOZ9GCmAIcalbBuyJl1vveg";"available";"payout"
"txn_1IDziRCmAIcalbBu1By3qFHf";-199;"2021-01-26T22:08:50Z";"eur";"Curso pedido 43322";"-3,98";"-195,02";"re_1IDziQCmAIcalbBu96n478PN";"available";"refund"
"txn_1IOYWrCmAIcalbBu7Mh1OsC7";-249;"2021-02-25T01:20:33Z";"eur";"Curso pedido 43324";"-4,98";"-244,02";"po_1IOYWrCmAIcalbBuGPxmixnP";"available";"payout"
"txn_1ItMwQCmAIcalbBu3HiG1tqv";-199;"2021-05-21T01:14:18Z";"eur";"Curso pedido 43352";"-3,98";"-195,02";"po_1ItMwQCmAIcalbBu9C8oWBEM";"available";"payout"
"txn_1IztePCmAIcalbButUSPzSOO";-249;"2021-06-08T01:22:41Z";"eur";"Curso pedido 43353";"-4,98";"-244,02";"po_1IztePCmAIcalbBu0bXkpDEi";"available";"payout"
"txn_1IaMPVCmAIcalbBubs9QkyLp";-199;"2021-03-29T14:49:45Z";"eur";"Curso pedido 43358";"-3,98";"-195,02";"re_1IaMPVCmAIcalbBuO0Dalcr4";"available";"refund"
"txn_1JKvMSCmAIcalbBujvxc8CSF";-199;"2021-08-05T01:27:04Z";"eur";"Curso pedido 43362";"-3,98";"-195,02";"po_1JKvMSCmAIcalbBuqs9rTfoy";"available";"payout"
"txn_1HyofWCmAIcalbBuf8nEa4cu";-199;"2020-12-16T01:19:06Z";"eur";"Curso pedido 43364";"-3,98";"-195,02";"po_1HyofWCmAIcalbBuSVhyyE2s";"available";"payout"
"txn_1HrvUlCmAIcalbBuM2cAJ8Lj";-199;"2020-11-27T01:11:30Z";"eur";"Curso pedido 43365";"-3,98";"-195,02";"po_1HrvUlCmAIcalbBuhzxmp42T";"available";"payout"
"txn_1JmqKnCmAIcalbBuyLsS3j5W";-249;"2021-10-21T01:44:44Z";"eur";"Curso pedido 43374";"-4,98";"-244,02";"po_1JmqKmCmAIcalbBuS27Yd0uu";"available";"payout"
"txn_1JVQziCmAIcalbBuHFPYuH6d";-29;"2021-09-03T01:15:02Z";"eur";"Curso pedido 43384";"-0,58";"-28,42";"po_1JVQziCmAIcalbBuZKOkgsVV";"available";"payout"
"txn_1JHIZ1CmAIcalbBuhsk8VwE4";-29;"2021-07-26T01:25:03Z";"eur";"Curso pedido 43537";"-0,58";"-28,42";"po_1JHIZ1CmAIcalbBu0CQxg9xJ";"available";"payout"
"txn_1GqTyiCmAIcalbBumFTnMc4g";-149;"2020-06-05T01:04:11Z";"eur";"Curso pedido 43544";"-2,98";"-146,02";"po_1GqTyiCmAIcalbBupBL3UkLa";"available";"payout"
"txn_1IkJDNCmAIcalbBu3cEgs7zE";-29;"2021-04-26T01:26:21Z";"eur";"Curso pedido 43548";"-0,58";"-28,42";"po_1IkJDNCmAIcalbBuXQGr6gsi";"available";"payout"
"txn_1HIOdKCmAIcalbBunAuAesEh";-299;"2020-08-21T01:01:29Z";"eur";"Curso pedido 43552";"-5,98";"-293,02";"po_1HIOdJCmAIcalbBumPch9Grf";"available";"payout"
"txn_1I5hcBCmAIcalbBuluWMgpFc";-299;"2021-01-04T01:12:07Z";"eur";"Curso pedido 43648";"-5,98";"-293,02";"po_1I5hcBCmAIcalbBuBQI0ssmX";"available";"payout"
"txn_1GxNINCmAIcalbBuhprYoyBP";-299;"2020-06-24T01:20:59Z";"eur";"Curso pedido 43695";"-5,98";"-293,02";"po_1GxNINCmAIcalbBuS4iAS0DW";"available";"payout"
"txn_1Hmqs9CmAIcalbBuWKMhbDZK";-299;"2020-11-13T01:14:41Z";"eur";"Curso pedido 43710";"-5,98";"-293,02";"po_1Hmqs9CmAIcalbBudwITDaPM";"available";"payout"
"txn_1HtjwRCmAIcalbBu6MDBtbTa";-299;"2020-12-02T01:15:35Z";"eur";"Curso pedido 43714";"-5,98";"-293,02";"po_1HtjwRCmAIcalbBumGI5fxUj";"available";"payout"
"txn_1Jpk0lCmAIcalbBuPoJSeqeJ";-249;"2021-10-29T01:36:02Z";"eur";"Curso pedido 43720";"-4,98";"-244,02";"po_1Jpk0kCmAIcalbBuRGMwWWcO";"available";"payout"
"txn_1IyRbQCmAIcalbBueZrvveEo";-299;"2021-06-04T01:13:36Z";"eur";"Curso pedido 43721";"-5,98";"-293,02";"po_1IyRbQCmAIcalbBus9VN82yW";"available";"payout"
"txn_1Gx0lbCmAIcalbBut6fIR3uB";-299;"2020-06-23T01:17:39Z";"eur";"Curso pedido 43722";"-5,98";"-293,02";"po_1Gx0lbCmAIcalbBujYPv6qRO";"available";"payout"
"txn_1HSY88CmAIcalbBusI1CXqK5";-299;"2020-09-18T01:11:16Z";"eur";"Curso pedido 43781";"-5,98";"-293,02";"po_1HSY88CmAIcalbBu7ViUaEB1";"available";"payout"
"txn_1J8aydCmAIcalbBurbFD8cID";-249;"2021-07-02T01:15:31Z";"eur";"Curso pedido 43784";"-4,98";"-244,02";"po_1J8aydCmAIcalbBujDIAryO4";"available";"payout"
"txn_1J2QziCmAIcalbBuZAVYCnCv";-29;"2021-06-15T01:23:10Z";"eur";"Curso pedido 43790";"-0,58";"-28,42";"po_1J2QziCmAIcalbBu6if3Tfsb";"available";"payout"
"txn_1J7sBvCmAIcalbBuLcnBpxSe";-149;"2021-06-30T01:26:15Z";"eur";"Curso pedido 43791";"-2,98";"-146,02";"po_1J7sBvCmAIcalbBu3wF6Hshx";"available";"payout"
"txn_1JAPYHCmAIcalbBuWX7i2Y6E";-249;"2021-07-07T01:27:49Z";"eur";"Curso pedido 43799";"-4,98";"-244,02";"po_1JAPYHCmAIcalbBucXLDLFVW";"available";"payout"
"txn_1J0G8VCmAIcalbBuEIGgzqYn";-299;"2021-06-09T01:23:15Z";"eur";"Curso pedido 43832";"-5,98";"-293,02";"po_1J0G8VCmAIcalbBuFMRdFVoe";"available";"payout"
"txn_1HV5VtCmAIcalbBuSVujLhAr";-299;"2020-09-25T01:14:17Z";"eur";"Curso pedido 43853";"-5,98";"-293,02";"po_1HV5VtCmAIcalbBuvxkLT32k";"available";"payout"
"txn_1GSvK2CmAIcalbBuWXmrZLNY";-249;"2020-04-01T01:24:50Z";"eur";"Curso pedido 43923";"-4,98";"-244,02";"po_1GSvK2CmAIcalbBueVcKL4zn";"available";"payout"
"txn_1IzX5MCmAIcalbBuVa3QWRz9";-299;"2021-06-07T01:17:00Z";"eur";"Curso pedido 43945";"-5,98";"-293,02";"po_1IzX5MCmAIcalbBuTC4f64DK";"available";"payout"
"txn_1GNTreCmAIcalbBug9B1cVTA";-29;"2020-03-17T01:05:02Z";"eur";"Curso pedido 43950";"-0,58";"-28,42";"po_1GNTreCmAIcalbBurZ1jFyVD";"available";"payout"
"txn_1HoG6iCmAIcalbBu5pH9zfIr";-299;"2020-11-16T22:23:32Z";"eur";"Curso pedido 43951";"-5,98";"-293,02";"re_1HoG6iCmAIcalbBuiLZr6dTG";"available";"refund"
"txn_1IaMPeCmAIcalbBuRnmn65Tf";-29;"2021-03-29T14:49:53Z";"eur";"Curso pedido 43988";"-0,58";"-28,42";"re_1IaMPdCmAIcalbBuEtEAJWmX";"available";"refund"
"txn_1IJTnpCmAIcalbBut8fUg3wP";-199;"2021-02-11T01:17:05Z";"eur";"Curso pedido 43989";"-3,98";"-195,02";"po_1IJTnpCmAIcalbBumpWVbeha";"available";"payout"
"txn_1IoIFmCmAIcalbBuANpMyQvx";-199;"2021-05-07T01:13:18Z";"eur";"Curso pedido 43996";"-3,98";"-195,02";"po_1IoIFmCmAIcalbBuUqxl5lBL";"available";"payout"
"txn_1ITzV3CmAIcalbBukb3V4NZc";-199;"2021-03-12T01:09:09Z";"eur";"Curso pedido 43998";"-3,98";"-195,02";"po_1ITzV3CmAIcalbBuQ0uZ3nZb";"available";"payout"
"txn_1HejG4CmAIcalbBuzmCXfYdx";-199;"2020-10-21T15:29:48Z";"eur";"Curso pedido 44036";"-3,98";"-195,02";"re_1HejG4CmAIcalbBuUDYdkErs";"available";"refund"
"txn_3JRSfiCmAIcalbBu0a5bHUyI";-199;"2021-09-13T13:37:03Z";"eur";"Curso pedido 44059";"-3,98";"-195,02";"re_3JRSfiCmAIcalbBu0YuzT3Fi";"available";"refund"
"txn_1Je8czCmAIcalbBu8qGoTxLh";-199;"2021-09-27T01:27:33Z";"eur";"Curso pedido 44065";"-3,98";"-195,02";"po_1Je8czCmAIcalbBugvWUJvi5";"available";"payout"
"txn_1JFqcDCmAIcalbBuDr7giFNs";-199;"2021-07-22T01:22:21Z";"eur";"Curso pedido 44094";"-3,98";"-195,02";"po_1JFqcDCmAIcalbBuOwqjzu4h";"available";"payout"
"txn_1J0cauCmAIcalbBu1A4SQcFZ";-29;"2021-06-10T01:22:04Z";"eur";"Curso pedido 44187";"-0,58";"-28,42";"po_1J0cauCmAIcalbBuVZlLCl1r";"available";"payout"
"txn_1GvYigCmAIcalbBuBb46Gqu2";-199;"2020-06-19T01:08:38Z";"eur";"Curso pedido 44189";"-3,98";"-195,02";"po_1GvYigCmAIcalbBu6gAXjsb0";"available";"payout"
"txn_1GTdvZCmAIcalbBupTFhOXaD";-29;"2020-04-03T01:02:33Z";"eur";"Curso pedido 44192";"-0,58";"-28,42";"po_1GTdvZCmAIcalbBujQTifVAW";"available";"payout"
"txn_1IJq9wCmAIcalbBuSJenLuB2";-199;"2021-02-12T01:09:24Z";"eur";"Curso pedido 44199";"-3,98";"-195,02";"po_1IJq9wCmAIcalbButjmUoITZ";"available";"payout"
"txn_1JHf39CmAIcalbBu5CLDjWv6";-199;"2021-07-27T01:25:39Z";"eur";"Curso pedido 44226";"-3,98";"-195,02";"po_1JHf39CmAIcalbBuM7Hj8hei";"available";"payout"
"txn_1IVRW5CmAIcalbBuSxvCScAs";-149;"2021-03-16T01:16:13Z";"eur";"Curso pedido 44252";"-2,98";"-146,02";"po_1IVRW5CmAIcalbBuZoDS0Xa4";"available";"payout"
"txn_1GV640CmAIcalbBuD9kPVGhz";-299;"2020-04-07T01:17:16Z";"eur";"Curso pedido 44253";"-4,485";"-294,515";"po_1GV640CmAIcalbBuEz8kAWWj";"available";"payout"
"txn_1INpYeCmAIcalbBuCX0FcyMX";-199;"2021-02-23T01:19:24Z";"eur";"Curso pedido 44259";"-2,985";"-196,015";"po_1INpYeCmAIcalbBuey8awtlm";"available";"payout"
"txn_1JRS01CmAIcalbBuO5s5SY2h";-29;"2021-08-23T01:30:53Z";"eur";"Curso pedido 44367";"-0,435";"-28,565";"po_1JRS01CmAIcalbBuq4pZwvgC";"available";"payout"
"txn_1JOuW8CmAIcalbBu9sH5a8oT";-149;"2021-08-16T01:21:32Z";"eur";"Curso pedido 44378";"-2,235";"-146,765";"po_1JOuW8CmAIcalbBulP1mk8rN";"available";"payout"
"txn_1IDJdNCmAIcalbBuZUD20t6l";-249;"2021-01-25T01:12:49Z";"eur";"Curso pedido 44425";"-3,735";"-245,265";"po_1IDJdNCmAIcalbBukEZpAPlW";"available";"payout"
"txn_1Hx0HgCmAIcalbBuMuD6bf76";-199;"2020-12-11T01:19:00Z";"eur";"Curso pedido 44808";"-2,985";"-196,015";"po_1Hx0HgCmAIcalbBu5uuwCWsp";"available";"payout"
"txn_1HSBoVCmAIcalbBuis2MQfVL";-199;"2020-09-17T01:21:30Z";"eur";"Curso pedido 44809";"-2,985";"-196,015";"po_1HSBoVCmAIcalbBucmYFkrPp";"available";"payout"
"txn_1H8FIyCmAIcalbBuWeAgnuH3";-199;"2020-07-24T01:02:32Z";"eur";"Curso pedido 44820";"-2,985";"-196,015";"po_1H8FIyCmAIcalbBugObMG8sX";"available";"payout"
"txn_1GrwCSCmAIcalbBuwAjlwC2l";-199;"2020-06-09T01:24:23Z";"eur";"Curso pedido 44861";"-2,985";"-196,015";"po_1GrwCSCmAIcalbBuvrI5vKc3";"available";"payout"
"txn_1JNoyCCmAIcalbBu6byebVRN";-299;"2021-08-13T01:14:00Z";"eur";"Curso pedido 45147";"-4,485";"-294,515";"po_1JNoyCCmAIcalbBugLcd6rwW";"available";"payout"
"txn_1JDJHoCmAIcalbBuijRSYweT";-199;"2021-07-15T01:22:48Z";"eur";"Curso pedido 45174";"-2,985";"-196,015";"po_1JDJHoCmAIcalbBuWdI0UurE";"available";"payout"
"txn_1JXc1jCmAIcalbBujhhmnx8w";-299;"2021-09-09T01:26:07Z";"eur";"Curso pedido 45188";"-4,485";"-294,515";"po_1JXc1jCmAIcalbBudjqR3pTg";"available";"payout"
"txn_1HAQRWCmAIcalbBuW3DIMPiW";-299;"2020-07-30T01:20:22Z";"eur";"Curso pedido 45192";"-4,485";"-294,515";"po_1HAQRWCmAIcalbBuTIaEnWbx";"available";"payout"
"txn_1JULmeCmAIcalbBuyKdP3mSB";-169;"2021-08-31T01:29:04Z";"eur";"Curso pedido 45194";"-2,535";"-166,465";"po_1JULmeCmAIcalbBuR38v50wB";"available";"payout"
"txn_1IdQ1eCmAIcalbBuQp0KtjvF";-299;"2021-04-07T01:17:46Z";"eur";"Curso pedido 45195";"-4,485";"-294,515";"po_1IdQ1eCmAIcalbBuDShSv9AQ";"available";"payout"
"txn_1IsHckCmAIcalbBubigND0KH";-299;"2021-05-18T01:21:30Z";"eur";"Curso pedido 45202";"-4,485";"-294,515";"po_1IsHckCmAIcalbBuksenzWmw";"available";"payout"
"txn_1IZ4D0CmAIcalbBuIJmAM3bE";-269;"2021-03-26T01:11:29Z";"eur";"Curso pedido 45229";"-4,035";"-264,965";"po_1IZ4D0CmAIcalbBuh2nAcEbw";"available";"payout"
"txn_1HU09TCmAIcalbBubz3FimTw";-299;"2020-09-22T01:18:39Z";"eur";"Curso pedido 45235";"-4,485";"-294,515";"po_1HU09TCmAIcalbBuK7CXOXUS";"available";"payout"
"txn_1JStifCmAIcalbBuOweh6LcR";-299;"2021-08-27T01:18:57Z";"eur";"Curso pedido 45292";"-4,485";"-294,515";"po_1JStifCmAIcalbBufU6GafKt";"available";"payout"
"txn_1GUjL3CmAIcalbBu0pZG6YXm";-299;"2020-04-06T01:01:21Z";"eur";"Curso pedido 45293";"-4,485";"-294,515";"po_1GUjL3CmAIcalbBuNoVitaye";"available";"payout"
"txn_1GYMFWCmAIcalbBuaDgqyOUM";-199;"2020-04-16T01:10:38Z";"eur";"Curso pedido 45294";"-2,985";"-196,015";"po_1GYMFWCmAIcalbBuArqwgKMk";"available";"payout"
"txn_1IOusfCmAIcalbBuGGANvYkP";-269;"2021-02-26T01:12:33Z";"eur";"Curso pedido 45296";"-4,035";"-264,965";"po_1IOusfCmAIcalbBuMHUZotd6";"available";"payout"
"txn_1IGwUCCmAIcalbBuFc3xeqYx";-29;"2021-02-04T01:18:20Z";"eur";"Curso pedido 45435";"-0,435";"-28,565";"po_1IGwUCCmAIcalbBuMvZ41A84";"available";"payout"
"txn_1HOveaCmAIcalbBuLFb1pE8a";-149;"2020-09-08T01:29:48Z";"eur";"Curso pedido 45453";"-2,235";"-146,765";"po_1HOveaCmAIcalbBuOKpPVYfT";"available";"payout"
"txn_1H4zJuCmAIcalbBuGq8bBew3";-269;"2020-07-15T01:22:02Z";"eur";"Curso pedido 45455";"-4,035";"-264,965";"po_1H4zJuCmAIcalbBuWjADS3lW";"available";"payout"
"txn_1IvY4TCmAIcalbBuO4kUCXW4";-29;"2021-05-27T01:31:37Z";"eur";"Curso pedido 45478";"-0,435";"-28,565";"po_1IvY4TCmAIcalbBuIeRbrQRX";"available";"payout"
"txn_1J2Lk4CmAIcalbBu7IRNlHKj";-199;"2021-06-14T19:46:39Z";"eur";"Curso pedido 45511";"-2,985";"-196,015";"re_1J2Lk3CmAIcalbBueLy5HcwU";"available";"refund"
"txn_1JElBiCmAIcalbBuTEAH7NsB";-29;"2021-07-19T01:22:30Z";"eur";"Curso pedido 45519";"-0,435";"-28,565";"po_1JElBiCmAIcalbBu6OJfw59d";"available";"payout"
"txn_1IaMPjCmAIcalbBufjtWZyCb";-199;"2021-03-29T14:49:59Z";"eur";"Curso pedido 45522";"-2,985";"-196,015";"re_1IaMPjCmAIcalbBuUBuADzup";"available";"refund"
"txn_1I0d1MCmAIcalbBuPX8VN9Fg";-299;"2020-12-21T01:17:07Z";"eur";"Curso pedido 45523";"-4,485";"-294,515";"po_1I0d1MCmAIcalbBumCiIB3qS";"available";"payout"
"txn_1JJpxECmAIcalbBuCQu82ssQ";-149;"2021-08-02T01:28:32Z";"eur";"Curso pedido 45543";"-2,235";"-146,765";"po_1JJpxECmAIcalbBuADbr3An4";"available";"payout"
"txn_1Ie8sOCmAIcalbBuoK9I40Do";-199;"2021-04-09T01:11:12Z";"eur";"Curso pedido 45585";"-2,985";"-196,015";"po_1Ie8sOCmAIcalbBuUjHGDApE";"available";"payout"
"txn_1IgJqtCmAIcalbBuHRJWArHw";-199;"2021-04-15T01:18:39Z";"eur";"Curso pedido 45590";"-2,985";"-196,015";"po_1IgJqtCmAIcalbBu2pUdFgQ1";"available";"payout"
"txn_1GTHVGCmAIcalbBuJWVCJURt";-29;"2020-04-02T01:05:54Z";"eur";"Curso pedido 45597";"-0,435";"-28,565";"po_1GTHVGCmAIcalbBuak9uXckH";"available";"payout"
"txn_1GrZgyCmAIcalbBu5vUoEURU";-199;"2020-06-08T01:22:24Z";"eur";"Curso pedido 45659";"-2,985";"-196,015";"po_1GrZgyCmAIcalbButwEjoCp8";"available";"payout"
"txn_1GXzpHCmAIcalbBulx2VOCrV";-199;"2020-04-15T01:14:03Z";"eur";"Curso pedido 45727";"-2,985";"-196,015";"po_1GXzpHCmAIcalbBu5JoG4Xc7";"available";"payout"
"txn_1HgKJPCmAIcalbBu43RRFSDX";-249;"2020-10-26T01:15:51Z";"eur";"Curso pedido 45728";"-3,735";"-245,265";"po_1HgKJPCmAIcalbBuTCwIfyR3";"available";"payout"
"txn_1HvYKHCmAIcalbBuGhxpLRK7";-199;"2020-12-07T01:15:41Z";"eur";"Curso pedido 45744";"-2,985";"-196,015";"po_1HvYKHCmAIcalbBuqiuZwPw0";"available";"payout"
"txn_1IEla8CmAIcalbBuPh0UoZ3E";-199;"2021-01-29T01:15:28Z";"eur";"Curso pedido 45758";"-2,985";"-196,015";"po_1IEla8CmAIcalbBudxR9eg3W";"available";"payout"
"txn_1IlkzHCmAIcalbBuIulUQPgQ";-29;"2021-04-30T01:17:47Z";"eur";"Curso pedido 45759";"-0,435";"-28,565";"po_1IlkzHCmAIcalbBumR1SCRDm";"available";"payout"
"txn_1IJ7IQCmAIcalbBuX5TKg6gV";-199;"2021-02-10T01:15:10Z";"eur";"Curso pedido 45761";"-2,985";"-196,015";"po_1IJ7IQCmAIcalbBuENZHzLCG";"available";"payout"
"txn_1HoIoACmAIcalbBuG5GCJcBd";-199;"2020-11-17T01:16:34Z";"eur";"Curso pedido 45774";"-2,985";"-196,015";"po_1HoIoACmAIcalbBugBDTnwXq";"available";"payout"
"txn_1J5KmsCmAIcalbBuX0mS72jc";-199;"2021-06-23T01:21:54Z";"eur";"Curso pedido 45782";"-2,985";"-196,015";"po_1J5KmsCmAIcalbBuiSLeqAc6";"available";"payout"
"txn_1IbFDFCmAIcalbBuOGC4eVfS";-199;"2021-04-01T01:20:45Z";"eur";"Curso pedido 45801";"-2,985";"-196,015";"po_1IbFDFCmAIcalbBuWl8maqZ1";"available";"payout"
"txn_1JA2z9CmAIcalbBumKPYwvvI";-199;"2021-07-06T01:22:03Z";"eur";"Curso pedido 45802";"-2,985";"-196,015";"po_1JA2z9CmAIcalbBuDscrqvuz";"available";"payout"
